"1309584804.1692";"127.0.0.1";"/test/panel/general";"0.067418813705444"
"1309584804.2218";"127.0.0.1";"/test/panel/general";"0.080044984817505"
"1309584996.7225";"127.0.0.1";"/test/panel/general";"0.087157011032104"
"1309584996.7827";"127.0.0.1";"/test/panel/general";"0.10674095153809"
"1309584998.5924";"127.0.0.1";"/test/panel/general/robotstxt";"0.061018943786621"
"1309584999.3988";"127.0.0.1";"/test/panel/general/site_conf";"0.035728931427002"
"1309585014.7309";"127.0.0.1";"/test/panel/general/site_conf";"0.080319881439209"
"1309585014.7941";"127.0.0.1";"/test/panel/general/site_conf";"0.086078882217407"
"1309585120.3905";"127.0.0.1";"/test/panel/general/site_conf";"0.067173004150391"
"1309585120.4483";"127.0.0.1";"/test/panel/general/site_conf";"0.072381973266602"
"1309585127.7812";"127.0.0.1";"/test/panel/user_pass";"0.054024934768677"
"1309585128.9046";"127.0.0.1";"/test/panel/general";"0.045811176300049"
"1309585145.4336";"127.0.0.1";"/test/panel/panel";"0.11824202537537"
"1309585147.9897";"127.0.0.1";"/test/panel/panel";"0.062066078186035"
"1309585251.727";"127.0.0.1";"/test/panel/panel";"0.23782801628113"
"1309585251.7856";"127.0.0.1";"/test/panel/panel";"0.22846508026123"
"1309585433.5031";"127.0.0.1";"/test/panel/panel";"0.068941831588745"
"1309585433.5645";"127.0.0.1";"/test/panel/panel";"0.084417819976807"
"1309585579.8394";"127.0.0.1";"/test/panel/panel";"0.064223051071167"
"1309585579.9";"127.0.0.1";"/test/panel/panel";"0.080715179443359"
"1309585705.6218";"127.0.0.1";"/test/panel/panel";"0.17751097679138"
"1309585705.6515";"127.0.0.1";"/test/panel/panel";"0.17340302467346"
"1309585712.1644";"127.0.0.1";"/test/panel/panel";"0.14532089233398"
"1309585724.1091";"127.0.0.1";"/test/panel/panel";"0.18189215660095"
"1309585731.0452";"127.0.0.1";"/test/panel/general/cse";"0.050175905227661"
"1309585791.5";"127.0.0.1";"/test/panel/general/cse";"0.05339789390564"
"1309585792.4555";"127.0.0.1";"/test/panel/general/cse";"0.051837921142578"
"1309585811.0229";"127.0.0.1";"/test/panel/general/cse";"0.17639780044556"
"1309585811.064";"127.0.0.1";"/test/panel/general/cse";"0.17890191078186"
"1309585812.2086";"127.0.0.1";"/test/panel/general/memcached";"0.069279909133911"
"1309585813.1277";"127.0.0.1";"/test/panel/general/cse";"0.048332929611206"
"1309585827.4284";"127.0.0.1";"/test/panel/general/cse";"0.22020816802979"
"1309585851.0529";"127.0.0.1";"/test/panel/general/cse";"0.19348192214966"
"1309585851.0941";"127.0.0.1";"/test/panel/general/cse";"0.18573403358459"
"1309585852.357";"127.0.0.1";"/test/panel/general/memcached";"0.051033020019531"
"1309585853.909";"127.0.0.1";"/test/panel/general/phpbb";"0.061178922653198"
"1309585854.742";"127.0.0.1";"/test/panel/general/robotstxt";"0.063146114349365"
"1309585855.5132";"127.0.0.1";"/test/panel/general/site_conf";"0.049554109573364"
"1309585864.5175";"127.0.0.1";"/test/panel/general/site_conf";"0.086402177810669"
"1309586143.2713";"127.0.0.1";"/test/panel/general/site_conf";"0.071155071258545"
"1309586143.3326";"127.0.0.1";"/test/panel/general/site_conf";"0.084352970123291"
"1309586146.0912";"127.0.0.1";"/test/panel/general/cse";"0.059829950332642"
"1309586191.3744";"127.0.0.1";"/test/panel/general/cse";"0.23895597457886"
"1309586191.4312";"127.0.0.1";"/test/panel/general/cse";"0.15127396583557"
"1309586310.2894";"127.0.0.1";"/test/panel/general/cse";"0.064543008804321"
"1309586310.348";"127.0.0.1";"/test/panel/general/cse";"0.075943946838379"
"1309586379.6065";"127.0.0.1";"/test/panel/general/cse";"0.08341383934021"
"1309586379.6667";"127.0.0.1";"/test/panel/general/cse";"0.09871506690979"
"1309586447.5921";"127.0.0.1";"/test/panel/general/cse";"0.071892976760864"
"1309586447.6544";"127.0.0.1";"/test/panel/general/cse";"0.10123801231384"
"1309586462.8298";"127.0.0.1";"/test/panel/panel";"0.10049200057983"
"1309586465.8";"127.0.0.1";"/test/panel/videos";"0.080902099609375"
"1309586467.2259";"127.0.0.1";"/test/panel/general";"0.054584980010986"
"1309586468.6954";"127.0.0.1";"/test/panel/general/cse";"0.06005597114563"
"1309586563.7243";"127.0.0.1";"/test/panel/panel";"0.10449290275574"
"1309586565.9303";"127.0.0.1";"/test/panel/videos";"0.080578088760376"
"1309586568.1115";"127.0.0.1";"/test/panel/general";"0.048243999481201"
"1309586569.2911";"127.0.0.1";"/test/panel/general/cse";"0.060280084609985"
"1309586571.0089";"127.0.0.1";"/test/panel/panel";"0.097721099853516"
"1309586574.3589";"127.0.0.1";"/test/panel/general/cse";"0.060384035110474"
"1309586575.4631";"127.0.0.1";"/test/panel/panel";"0.10335898399353"
"1309587017.3029";"127.0.0.1";"/test/panel/panel";"0.06824517250061"
"1309587018.8946";"127.0.0.1";"/test/panel/general/cse";"0.072291135787964"
"1309587020.2103";"127.0.0.1";"/test/panel/panel";"0.12713599205017"
"1309587043.8949";"127.0.0.1";"/test/panel/general/cse";"0.060219049453735"
"1309587046.1007";"127.0.0.1";"/test/panel/panel";"0.097583770751953"
"1309587085.337";"127.0.0.1";"/test/panel/panel";"0.057183980941772"
"1309587087.4232";"127.0.0.1";"/test/panel/general/cse";"0.06439208984375"
"1309587119.5648";"127.0.0.1";"/test/panel/general/cse";"0.10717296600342"
"1309587123.4833";"127.0.0.1";"/test/panel/general/memcached";"0.060123920440674"
"1309587125.083";"127.0.0.1";"/test/panel/general/memcached";"0.099979877471924"
"1309587126.9342";"127.0.0.1";"/test/panel/general/site_conf";"0.074891805648804"
"1309587138.3293";"127.0.0.1";"/test/panel/backup";"0.071537971496582"
"1309587182.8991";"127.0.0.1";"/test/panel/backup";"0.094758987426758"
"1309587182.9573";"127.0.0.1";"/test/panel/backup";"0.11333799362183"
"1309587188.7757";"127.0.0.1";"/test/panel/backup";"0.039940118789673"
"1309587191.9011";"127.0.0.1";"/test/panel/backup";"0.038851022720337"
"1309587194.2894";"127.0.0.1";"/test/panel/backup";"0.12341809272766"
"1309587249.8595";"127.0.0.1";"/test/panel/general";"0.077654123306274"
"1309587332.692";"127.0.0.1";"/test/panel/general";"0.060553789138794"
"1309587351.8571";"127.0.0.1";"/test/panel/general";"0.058578014373779"
"1309587353.7719";"127.0.0.1";"/test/panel/general/robotstxt";"0.060977935791016"
"1309587361.0178";"127.0.0.1";"/test/panel/general/robotstxt";"0.05903697013855"
"1309587362.5079";"127.0.0.1";"/test/panel/general/robotstxt";"0.13724803924561"
"1309587412.1521";"127.0.0.1";"/test/panel/general/robotstxt";"0.06744384765625"
"1309587412.2126";"127.0.0.1";"/test/panel/general/robotstxt";"0.08398699760437"
"1309587418.1642";"127.0.0.1";"/test/panel/general/site_conf";"0.061365127563477"
"1309587550.2666";"127.0.0.1";"/test/panel/panel";"0.05834698677063"
"1309587554.6068";"127.0.0.1";"/test/panel/general/cse";"0.064491033554077"
"1309587556.0629";"127.0.0.1";"/test/panel/general/site_conf";"0.05133318901062"
"1309587557.3339";"127.0.0.1";"/test/panel/general/robotstxt";"0.050374031066895"
"1309587560.2147";"127.0.0.1";"/test/panel/panel";"0.045094013214111"
"1309587562.4676";"127.0.0.1";"/test/panel/user_pass";"0.060178995132446"
"1309587564.2814";"127.0.0.1";"/test/panel/general";"0.070082902908325"
"1309587565.3258";"127.0.0.1";"/test/panel/general/robotstxt";"0.059741020202637"
"1309587570.4351";"127.0.0.1";"/test/panel/panel";"0.045632839202881"
"1309587572.0344";"127.0.0.1";"/test/panel/general/robotstxt";"0.051060914993286"
"1309587745.5856";"127.0.0.1";"/test/panel/general/robotstxt";"0.065303087234497"
"1309587747.1307";"127.0.0.1";"/test/panel/sections";"0.065062999725342"
"1309587748.1787";"127.0.0.1";"/test/panel/sections/create_section";"0.080837965011597"
"1309587847.0578";"127.0.0.1";"/test/panel/sections/create_section";"0.10364985466003"
"1309587850.984";"127.0.0.1";"/test/panel/general";"0.064667940139771"
"1309587853.3489";"127.0.0.1";"/test/panel/general/memcached";"0.060977935791016"
"1309587855.2628";"127.0.0.1";"/test/panel/general/memcached";"0.040879964828491"
"1309587863.2358";"127.0.0.1";"/test/panel/general/memcached";"0.09634804725647"
"1309587864.0166";"127.0.0.1";"/test/panel/general/memcached";"0.049530982971191"
"1309587865.6951";"127.0.0.1";"/test/panel/general/site_conf";"0.069026947021484"
"1309587868.6342";"127.0.0.1";"/test/panel/";"0.069411993026733"
"1309589949.6221";"127.0.0.1";"/test/panel/general/robotstxt";"0.066366910934448"
"1309589950.6518";"127.0.0.1";"/test/panel/general/phpbb";"0.057094812393188"
"1309589951.4005";"127.0.0.1";"/test/panel/general/memcached";"0.053765058517456"
"1309589952.1411";"127.0.0.1";"/test/panel/general/cse";"0.058080911636353"
"1309590054.3089";"127.0.0.1";"/test/panel/general/cse";"0.08865213394165"
"1309590054.3679";"127.0.0.1";"/test/panel/general/cse";"0.10531878471375"
"1309590342.697";"127.0.0.1";"/test/panel/general/cse";"0.061611890792847"
"1309590365.755";"127.0.0.1";"/test/panel/general/cse";"0.055434942245483"
"1309590386.4342";"127.0.0.1";"/test/panel/general/cse";"0.060125112533569"
"1309590390.4479";"127.0.0.1";"/test/panel/general/cse";"0.035778045654297"
"1309590475.2216";"127.0.0.1";"/test/panel/general/cse";"0.043323993682861"
"1309590477.6113";"127.0.0.1";"/test/panel/general/cse";"0.067239999771118"
"1309590479.3488";"127.0.0.1";"/test/panel/user_pass";"0.065346956253052"
"1309590481.6686";"127.0.0.1";"/test/panel/general";"0.054192066192627"
"1309590482.796";"127.0.0.1";"/test/panel/general/robotstxt";"0.046910047531128"
"1309590491.8958";"127.0.0.1";"/test/panel/general/robotstxt";"0.055230855941772"
"1309590498.6345";"127.0.0.1";"/test/panel/general/cse";"0.051277160644531"
"1309590501.4048";"127.0.0.1";"/test/panel/general/cse";"0.042608022689819"
"1309590503.7704";"127.0.0.1";"/test/panel/general/site_conf";"0.050400018692017"
"1309590507.4225";"127.0.0.1";"/test/panel/sections";"0.064910888671875"
"1309590508.3977";"127.0.0.1";"/test/panel/gallery";"0.082385063171387"
"1309590509.4616";"127.0.0.1";"/test/panel/general";"0.050122022628784"
"1309590560.4025";"127.0.0.1";"/test/panel/general";"0.036686897277832"
"1309590563.2027";"127.0.0.1";"/test/panel/general/robotstxt";"0.051904916763306"
"1309590605.1055";"127.0.0.1";"/test/panel/general/robotstxt";"0.053675174713135"
"1309590609.3958";"127.0.0.1";"/test/panel/general/robotstxt";"0.042029857635498"
"1309590683.4283";"127.0.0.1";"/test/panel/general/robotstxt";"0.042135953903198"
"1309590687.0424";"127.0.0.1";"/test/panel/general/robotstxt";"0.043114900588989"
"1309590738.3109";"127.0.0.1";"/test/panel/general/robotstxt";"0.061921119689941"
"1309590745.1098";"127.0.0.1";"/test/panel/general/robotstxt";"0.043055057525635"
"1309590748.0919";"127.0.0.1";"/test/panel/general/robotstxt";"0.03563404083252"
"1309590800.1757";"127.0.0.1";"/test/panel/general/robotstxt";"0.045393943786621"
"1309590942.0664";"127.0.0.1";"/test/panel/general/robotstxt";"0.058857917785645"
"1309590957.0614";"127.0.0.1";"/test/panel/general/robotstxt";"0.058101892471313"
"1309591100.6903";"127.0.0.1";"/test/panel/general/robotstxt";"0.063018083572388"
"1309591104.759";"127.0.0.1";"/test/panel/general/robotstxt";"0.038814783096313"
"1309591106.4128";"127.0.0.1";"/test/panel/general/robotstxt";"0.0489661693573"
"1309591248.3512";"127.0.0.1";"/test/panel/general/site_conf";"0.056113958358765"
"1309591250.3186";"127.0.0.1";"/test/panel/general/site_conf";"0.034415006637573"
"1309591251.7853";"127.0.0.1";"/test/panel/general/robotstxt";"0.056334018707275"
"1309591253.9405";"127.0.0.1";"/test/panel/general/phpbb";"0.045590877532959"
"1309591261.4547";"127.0.0.1";"/test/home.html";"0.16476798057556"
"1309591276.0988";"127.0.0.1";"/test/home.html";"0.11256098747253"
"1309591298.8785";"127.0.0.1";"/test/home.html";"0.1310179233551"
"1309591301.9999";"127.0.0.1";"/test/panel/";"0.10367012023926"
"1309591308.4272";"127.0.0.1";"/test/panel/general/phpbb";"0.096148014068604"
"1309591310.8385";"127.0.0.1";"/test/panel/general/phpbb";"0.034765005111694"
"1309591319.3563";"127.0.0.1";"/test/panel/general/phpbb";"0.050165891647339"
"1309591324.1615";"127.0.0.1";"/test/panel/general/site_conf";"0.05836009979248"
"1309591325.3085";"127.0.0.1";"/test/panel/general/site_conf";"0.057479858398438"
"1309591327.3076";"127.0.0.1";"/test/panel/general/phpbb";"0.052682876586914"
"1309591329.9219";"127.0.0.1";"/test/panel/general/phpbb";"0.036377191543579"
"1309591333.8103";"127.0.0.1";"/test/panel/general/memcached";"0.050923824310303"
"1309591341.9349";"127.0.0.1";"/test/panel/general/cse";"0.051604986190796"
"1309591370.7446";"127.0.0.1";"/test/panel/user_pass";"0.060910940170288"
"1309591370.7992";"127.0.0.1";"/test/panel/user_pass";"0.090274810791016"
"1309591373.3109";"127.0.0.1";"/test/panel/sections";"0.051661968231201"
"1309591374.909";"127.0.0.1";"/test/panel/sections/edit_category";"0.050637006759644"
"1309591376.9652";"127.0.0.1";"/test/panel/sections/edit_category";"0.052145004272461"
"1309591378.0721";"127.0.0.1";"/test/panel/sections/create_category";"0.061152935028076"
"1309591378.9747";"127.0.0.1";"/test/panel/sections/create_section";"0.07915210723877"
"1309591379.97";"127.0.0.1";"/test/panel/sections/edit_section";"0.05656099319458"
"1309591380.7874";"127.0.0.1";"/test/panel/sections/edit_category";"0.048363924026489"
"1309591382.2816";"127.0.0.1";"/test/panel/gallery";"0.057327032089233"
"1309591384.3963";"127.0.0.1";"/test/panel/gallery/edit";"0.058220863342285"
"1309591384.4666";"127.0.0.1";"/test/panel/gallery/edit:test";"0.042810201644897"
"1309591387.9767";"127.0.0.1";"/test/panel/gallery/create";"0.085500955581665"
"1309591388.7763";"127.0.0.1";"/test/panel/gallery/edit";"0.052564859390259"
"1309591391.0918";"127.0.0.1";"/test/panel/gallery/edit";"0.06744909286499"
"1309591391.1519";"127.0.0.1";"/test/panel/gallery/edit:test";"0.050358057022095"
"1309591545.6722";"127.0.0.1";"/test/panel/gallery/edit:test";"0.12646794319153"
"1309591545.7434";"127.0.0.1";"/test/panel/gallery/edit:test";"0.12729597091675"
"1309591739.115";"127.0.0.1";"/test/panel/gallery/edit:test";"0.12693214416504"
"1309591739.1847";"127.0.0.1";"/test/panel/gallery/edit:test";"0.12850093841553"
"1309591818.4295";"127.0.0.1";"/test/panel/gallery/edit:test";"0.14135909080505"
"1309591818.4923";"127.0.0.1";"/test/panel/gallery/edit:test";"0.12955403327942"
"1309591826.857";"127.0.0.1";"/test/panel/gallery/edit:test";"0.12655401229858"
"1309591837.4741";"127.0.0.1";"/test/panel/gallery/edit:test";"0.13312888145447"
"1309591913.6983";"127.0.0.1";"/test/panel/gallery/edit:test";"0.14751482009888"
"1309591913.7739";"127.0.0.1";"/test/panel/gallery/edit:test";"0.14583086967468"
"1309591933.6747";"127.0.0.1";"/test/panel/gallery/edit:test";"0.1465380191803"
"1309591933.7423";"127.0.0.1";"/test/panel/gallery/edit:test";"0.13027191162109"
"1309591992.3065";"127.0.0.1";"/test/panel/gallery/edit:test";"0.1633198261261"
"1309591992.3652";"127.0.0.1";"/test/panel/gallery/edit:test";"0.14920687675476"
"1309592001.7";"127.0.0.1";"/test/panel/gallery/edit:test";"0.11256313323975"
"1309592112.2658";"127.0.0.1";"/test/panel/gallery/edit:test";"0.12276983261108"
"1309592112.3286";"127.0.0.1";"/test/panel/gallery/edit:test";"0.13259100914001"
"1309592144.5882";"127.0.0.1";"/test/panel/gallery/edit:test";"0.15033793449402"
"1309592144.6571";"127.0.0.1";"/test/panel/gallery/edit:test";"0.15171504020691"
"1309592150.7074";"127.0.0.1";"/test/panel/gallery/edit:test";"0.11919188499451"
"1309592185.2241";"127.0.0.1";"/test/panel/gallery/edit:test";"0.12878704071045"
"1309592185.2936";"127.0.0.1";"/test/panel/gallery/edit:test";"0.13459396362305"
"1309592201.958";"127.0.0.1";"/test/panel/gallery/edit:test";"0.13568806648254"
"1309592202.0264";"127.0.0.1";"/test/panel/gallery/edit:test";"0.13035988807678"
"1309592244.8993";"127.0.0.1";"/test/panel/gallery/edit:test";"0.11988615989685"
"1309592244.9611";"127.0.0.1";"/test/panel/gallery/edit:test";"0.13018679618835"
"1309592298.5869";"127.0.0.1";"/test/panel/gallery/edit:test";"0.12653183937073"
"1309592298.6537";"127.0.0.1";"/test/panel/gallery/edit:test";"0.12591505050659"
"1309592301.3031";"127.0.0.1";"/test/panel/gallery/DELETE";"0.062781095504761"
"1309592301.3803";"127.0.0.1";"/test/panel/gallery/edit:test";"0.05986499786377"
"1309592311.616";"127.0.0.1";"/test/panel/gallery/edit:test";"0.13319516181946"
"1309592313.2542";"127.0.0.1";"/test/panel/gallery/DELETE";"0.073076009750366"
"1309592313.3205";"127.0.0.1";"/test/panel/gallery/edit:test";"0.052404880523682"
"1309592321.7392";"127.0.0.1";"/test/panel/gallery/edit:test";"0.11105012893677"
"1309592323.2269";"127.0.0.1";"/test/panel/gallery/DELETE";"0.072098016738892"
"1309592323.2937";"127.0.0.1";"/test/panel/gallery/edit:test";"0.047741174697876"
"1309592456.9438";"127.0.0.1";"/test/panel/gallery/edit:test";"0.13035893440247"
"1309592457.0112";"127.0.0.1";"/test/panel/gallery/edit:test";"0.14026999473572"
"1309592487.1921";"127.0.0.1";"/test/panel/gallery/edit:test";"0.13355207443237"
"1309592487.26";"127.0.0.1";"/test/panel/gallery/edit:test";"0.15157103538513"
"1309592489.3092";"127.0.0.1";"/test/panel/gallery/DELETE";"0.056456089019775"
"1309592489.3754";"127.0.0.1";"/test/panel/gallery/edit:test";"0.040958881378174"
"1309592529.1444";"127.0.0.1";"/test/panel/gallery/edit:test";"0.12403798103333"
"1309592529.1947";"127.0.0.1";"/test/panel/gallery/edit:test";"0.13170099258423"
"1309592552.6197";"127.0.0.1";"/test/panel/gallery/edit:test";"0.12588596343994"
"1309592552.6875";"127.0.0.1";"/test/panel/gallery/edit:test";"0.13974809646606"
"1309592601.3517";"127.0.0.1";"/test/panel/gallery/edit:test";"0.13017296791077"
"1309592601.4097";"127.0.0.1";"/test/panel/gallery/edit:test";"0.15291500091553"
"1309592737.3711";"127.0.0.1";"/test/panel/gallery/edit:test";"0.12639188766479"
"1309592737.4321";"127.0.0.1";"/test/panel/gallery/edit:test";"0.13217902183533"
"1309592765.2881";"127.0.0.1";"/test/panel/gallery/EDIT";"0.084506034851074"
"1309592769.4596";"127.0.0.1";"/test/panel/gallery/edit";"0.066780090332031"
"1309592769.5204";"127.0.0.1";"/test/panel/gallery/edit:test";"0.047537803649902"
"1309592772.721";"127.0.0.1";"/test/panel/gallery/DELETE";"0.056748867034912"
"1309592772.7939";"127.0.0.1";"/test/panel/gallery/edit:test";"0.052264928817749"
"1309592800.6962";"127.0.0.1";"/test/panel/gallery/edit:test";"0.14411091804504"
"1309592800.7624";"127.0.0.1";"/test/panel/gallery/edit:test";"0.13033485412598"
"1309592830.5525";"127.0.0.1";"/test/panel/gallery/edit:test";"0.14084386825562"
"1309592830.6222";"127.0.0.1";"/test/panel/gallery/edit:test";"0.13420605659485"
"1309592905.3685";"127.0.0.1";"/test/panel/gallery/edit:test";"0.10141682624817"
"1309592916.7024";"127.0.0.1";"/test/panel/gallery:delete_image";"0.062106847763062"
"1309592916.7704";"127.0.0.1";"/test/panel/gallery/edit:test";"0.05464506149292"
"1309592931.4037";"127.0.0.1";"/test/panel/gallery/edit:test";"0.036938905715942"
"1309592965.5493";"127.0.0.1";"/test/panel/gallery/create";"0.045925140380859"
"1309592967.9902";"127.0.0.1";"/test/panel/gallery/edit";"0.056066036224365"
"1309592969.7001";"127.0.0.1";"/test/panel/gallery/edit";"0.059534788131714"
"1309592969.767";"127.0.0.1";"/test/panel/gallery/edit:test";"0.050604104995728"
"1309809560.7036";"127.0.0.1";"/test/home.html";"0.59547710418701"
"1309809640.5998";"127.0.0.1";"/test/home.html";"0.054383039474487"
"1309809647.2273";"127.0.0.1";"/test/panel/";"0.27743792533875"
"1309809652.4675";"127.0.0.1";"/test/panel/style";"0.08102011680603"
"1309809664.0005";"127.0.0.1";"/test/panel/style/template";"0.08053994178772"
"1309809666.3562";"127.0.0.1";"/test/panel/style/template:";"0.0484459400177"
"1309810320.0093";"127.0.0.1";"/test/panel/style/template";"0.085762977600098"
"1309810538.4831";"127.0.0.1";"/test/panel/style/template:";"0.063996076583862"
"1309810541.1302";"127.0.0.1";"/test/panel/style/template";"0.058771133422852"
"1309810547.2623";"127.0.0.1";"/test/panel/style/template:";"0.061214923858643"
"1309810560.0559";"127.0.0.1";"/test/panel/style/template";"0.069700002670288"
"1309810561.9927";"127.0.0.1";"/test/panel/style/template:404.tpl";"0.07504677772522"
"1309810608.1468";"127.0.0.1";"/test/panel/style/template:404.tpl";"0.25962209701538"
"1309810608.1958";"127.0.0.1";"/test/panel/style/template:404.tpl";"0.26567101478577"
"1309810670.5554";"127.0.0.1";"/test/panel/general";"0.058652877807617"
"1309810672.8503";"127.0.0.1";"/test/panel/general";"0.045629024505615"
"1309810677.0828";"127.0.0.1";"/test/panel.php?tab=general&mode=robotstxt";"0.079617977142334"
"1309810681.8974";"127.0.0.1";"/test/panel.php?tab=general&mode=robotstxt";"0.037604808807373"
"1309810683.549";"127.0.0.1";"/test/panel.php?tab=general&mode=robotstxt";"0.048825025558472"
"1309810685.9279";"127.0.0.1";"/test/panel.php?tab=user_pass";"0.060474872589111"
"1309810687.3323";"127.0.0.1";"/test/panel.php?tab=sections";"0.064807891845703"
"1309810722.3679";"127.0.0.1";"/test/panel.php?tab=sections";"0.26995801925659"
"1309810722.4216";"127.0.0.1";"/test/panel.php?tab=sections";"0.25846290588379"
"1309810727.648";"127.0.0.1";"/test/panel.php?tab=sections&mode=edit_category";"0.053071022033691"
"1309810729.1902";"127.0.0.1";"/test/panel.php?tab=sections&mode=edit_category";"0.055062055587769"
"1309810738.7394";"127.0.0.1";"/test/panel.php?tab=sections&mode=create_category";"0.068057060241699"
"1309810739.7124";"127.0.0.1";"/test/panel.php?tab=sections&mode=create_section";"0.06167197227478"
"1309810740.7215";"127.0.0.1";"/test/panel.php?tab=sections&mode=edit_section";"0.046561002731323"
"1309810742.8422";"127.0.0.1";"/test/panel.php?tab=sections&mode=create_section";"0.046972990036011"
"1309810744.0327";"127.0.0.1";"/test/panel.php?tab=sections&mode=create_category";"0.045790910720825"
"1309810745.3639";"127.0.0.1";"/test/panel.php?tab=sections&mode=edit_category";"0.049357891082764"
"1309810761.8964";"127.0.0.1";"/test/panel.php?tab=sections&mode=edit_category";"0.057322025299072"
"1309810781.826";"127.0.0.1";"/test/panel.php?tab=sections&mode=edit_category";"0.077647924423218"
"1309810781.8908";"127.0.0.1";"/test/panel.php?tab=sections&mode=edit_category";"0.10274410247803"
"1309810784.4122";"127.0.0.1";"/test/panel.php?tab=sections&mode=create_category";"0.04899787902832"
"1309810785.866";"127.0.0.1";"/test/panel.php?tab=sections&mode=edit_category";"0.055160999298096"
"1309810787.0779";"127.0.0.1";"/test/panel.php?tab=sections&mode=create_section";"0.050387144088745"
"1309810788.3516";"127.0.0.1";"/test/panel.php?tab=sections&mode=create_category";"0.048130989074707"
"1309810789.2909";"127.0.0.1";"/test/panel.php?tab=sections&mode=edit_category";"0.047614097595215"
"1309810804.9188";"127.0.0.1";"/test/panel.php?tab=sections&mode=edit_category";"0.081401109695435"
"1309810804.9839";"127.0.0.1";"/test/panel.php?tab=sections&mode=edit_category";"0.095099925994873"
"1309810806.9534";"127.0.0.1";"/test/panel.php?tab=sections&mode=edit_category";"0.052555084228516"
"1309810846.5522";"127.0.0.1";"/test/panel.php?tab=sections&mode=edit_category";"0.21089291572571"
"1309810846.5853";"127.0.0.1";"/test/panel.php?tab=sections&mode=edit_category";"0.2030200958252"
"1309810847.4421";"127.0.0.1";"/test/panel.php?tab=sections&mode=edit_category";"0.051675081253052"
"1309810848.2142";"127.0.0.1";"/test/panel.php?tab=sections&mode=create_category";"0.046921968460083"
"1309810848.9651";"127.0.0.1";"/test/panel.php?tab=sections&mode=edit_category";"0.046072006225586"
"1309810877.7808";"127.0.0.1";"/test/panel.php?tab=sections&mode=edit_category";"0.19259905815125"
"1309810877.8154";"127.0.0.1";"/test/panel.php?tab=sections&mode=edit_category";"0.18330717086792"
"1309810884.1025";"127.0.0.1";"/test/panel.php?tab=sections&mode=create_category";"0.051076889038086"
"1309810885.113";"127.0.0.1";"/test/panel.php?tab=sections&mode=edit_category";"0.045182943344116"
"1309810910.7516";"127.0.0.1";"/test/panel.php?tab=sections&mode=edit_category";"0.25038504600525"
"1309810910.8071";"127.0.0.1";"/test/panel.php?tab=sections&mode=edit_category";"0.24034190177917"
"1309810930.6319";"127.0.0.1";"/test/panel.php?tab=sections&mode=create_section";"0.15983200073242"
"1309810931.801";"127.0.0.1";"/test/panel.php?tab=sections&mode=edit_section";"0.053802013397217"
"1309810933.1349";"127.0.0.1";"/test/panel.php?tab=sections&mode=create_section";"0.051673889160156"
"1309810934.5052";"127.0.0.1";"/test/panel.php?tab=sections&mode=create_category";"0.046401023864746"
"1309810935.4978";"127.0.0.1";"/test/panel.php?tab=sections&mode=edit_category";"0.059478998184204"
"1309810947.1325";"127.0.0.1";"/test/panel.php?tab=sections&mode=edit_category";"0.070726871490479"
"1309810949.6825";"127.0.0.1";"/test/panel.php?tab=sections&mode=edit_category";"0.051175117492676"
"1309810975.3694";"127.0.0.1";"/test/panel.php?tab=sections&mode=edit_category";"0.069440841674805"
"1309810975.4374";"127.0.0.1";"/test/panel.php?tab=sections&mode=edit_category";"0.094441890716553"
"1309811013.4827";"127.0.0.1";"/test/panel.php?tab=sections&mode=edit_category";"0.080736875534058"
"1309811013.5469";"127.0.0.1";"/test/panel.php?tab=sections&mode=edit_category";"0.096549987792969"
"1309811036.2565";"127.0.0.1";"/test/panel.php?tab=sections&mode=edit_category";"0.065316915512085"
"1309811036.3202";"127.0.0.1";"/test/panel.php?tab=sections&mode=edit_category";"0.085629940032959"
"1309811076.5027";"127.0.0.1";"/test/panel.php?tab=sections&mode=edit_category";"0.19395995140076"
"1309811076.5379";"127.0.0.1";"/test/panel.php?tab=sections&mode=edit_category";"0.18462800979614"
"1309811077.9389";"127.0.0.1";"/test/panel.php?tab=sections&mode=edit_category";"0.047781944274902"
"1309811079.481";"127.0.0.1";"/test/panel.php?tab=sections&mode=create_category";"0.053991079330444"
"1309811080.1966";"127.0.0.1";"/test/panel.php?tab=sections&mode=edit_category";"0.041306018829346"
"1309811139.033";"127.0.0.1";"/test/panel.php?tab=sections&mode=edit_category";"0.20159578323364"
"1309811139.0743";"127.0.0.1";"/test/panel.php?tab=sections&mode=edit_category";"0.19430994987488"
"1309811152.1143";"127.0.0.1";"/test/panel.php?tab=sections&mode=edit_category";"0.18864798545837"
"1309811158.5753";"127.0.0.1";"/test/panel.php?tab=sections&mode=edit_category";"0.16026091575623"
"1309811318.607";"127.0.0.1";"/test/panel.php?EDIT";"0.055163860321045"
"1309811326.6439";"127.0.0.1";"/test/panel.php?tab=sections&mode=edit_category";"0.05980920791626"
"1309811355.3054";"127.0.0.1";"/test/panel.php?EDIT";"0.071413993835449"
"1309811355.3511";"127.0.0.1";"/test/panel.php?EDIT";"0.071563959121704"
"1309811391.1824";"127.0.0.1";"/test/panel.php?tab=sections&mode=edit_category";"0.066619873046875"
"1309811509.2484";"127.0.0.1";"/test/panel.php?EDIT";"0.052006006240845"
"1309811509.3266";"127.0.0.1";"/test/edit.php?section=home";"0.066980838775635"
"1309811514.1796";"127.0.0.1";"/test/edit.php?SAVE";"0.052647113800049"
"1309811514.2515";"127.0.0.1";"/test/edit.php?SAVED";"0.065594911575317"
"1309811516.5944";"127.0.0.1";"/test/panel.php";"0.05134105682373"
"1309813782.7074";"127.0.0.1";"/test/index.php?section=home";"0.045264959335327"
"1309813788.9355";"127.0.0.1";"/test/index.php?section=home";"0.057462930679321"
"1309813792.1609";"127.0.0.1";"/test/panel.php";"0.058860063552856"
"1309813793.7051";"127.0.0.1";"/test/panel.php";"0.05324912071228"
"1309813799.899";"127.0.0.1";"/test/panel.php?tab=sections";"0.052002906799316"
"1309813802.0712";"127.0.0.1";"/test/panel.php?tab=sections&mode=create_category";"0.047766208648682"
"1309813803.058";"127.0.0.1";"/test/panel.php?tab=sections&mode=create_section";"0.050844192504883"
"1309813803.9006";"127.0.0.1";"/test/panel.php?tab=sections&mode=edit_section";"0.054698944091797"
"1309813805.7712";"127.0.0.1";"/test/panel.php?EDIT";"0.057312965393066"
"1309813805.8284";"127.0.0.1";"/test/edit.php?section=home";"0.045991182327271"
"1309813808.6903";"127.0.0.1";"/test/edit.php?SAVE";"0.054800033569336"
"1309813808.7447";"127.0.0.1";"/test/edit.php?SAVED";"0.047595977783203"
"1309813810.763";"127.0.0.1";"/test/panel.php";"0.05164098739624"
"1309813883.5567";"127.0.0.1";"/test/panel.php?tab=sections";"0.052901029586792"
"1309813885.3744";"127.0.0.1";"/test/panel.php?EDIT";"0.055938959121704"
"1309813885.4312";"127.0.0.1";"/test/edit.php?section=home";"0.04302191734314"
"1309813975.2272";"127.0.0.1";"/test/edit.php?SAVE";"0.066444158554077"
"1309813975.3115";"127.0.0.1";"/test/edit.php?SAVED";"0.073379039764404"
"1309813977.3866";"127.0.0.1";"/test/panel.php?tab=sections";"0.051456928253174"
"1309813984.6173";"127.0.0.1";"/test/panel.php?EDIT";"0.052807807922363"
"1309813984.6696";"127.0.0.1";"/test/edit.php?section=home";"0.037909030914307"
"1309813986.3295";"127.0.0.1";"/test/edit.php?SAVE";"0.05039381980896"
"1309813986.3917";"127.0.0.1";"/test/edit.php?SAVED";"0.048821926116943"
"1309813987.8946";"127.0.0.1";"/test/panel.php?tab=sections";"0.051551103591919"
"1309813994.6988";"127.0.0.1";"/test/panel.php?tab=gallery";"0.083869934082031"
"1309814007.3135";"127.0.0.1";"/test/panel.php?tab=gallery&mode=edit&gallery=test";"0.048607110977173"
"1309814018.9602";"127.0.0.1";"/test/panel.php?DELETE_IMAGE";"0.055953979492188"
"1309814019.0283";"127.0.0.1";"/test/panel.php?tab=gallery&mode=edit&gallery=test";"0.050287008285522"
"1309814026.0039";"127.0.0.1";"/test/panel.php?tab=gallery&mode=edit&gallery=test";"0.047112941741943"
"1309814047.0712";"127.0.0.1";"/test/panel.php?tab=gallery&mode=create";"0.063991069793701"
"1309814056.0035";"127.0.0.1";"/test/panel.php?tab=gallery";"0.055360078811646"
"1309814063.6088";"127.0.0.1";"/test/panel.php?tab=gallery&mode=edit&gallery=test";"0.084388017654419"
"1309814092.0147";"127.0.0.1";"/test/panel.php";"0.051184892654419"
"1309814093.5212";"127.0.0.1";"/test/panel.php";"0.036861896514893"
"1309814095.085";"127.0.0.1";"/test/panel/gallery";"0.053970098495483"
"1309814097.5834";"127.0.0.1";"/test/panel/gallery/edit:test2";"0.036460161209106"
"1309814126.4028";"127.0.0.1";"/test/panel/gallery/create";"0.054989814758301"
"1309814137.1716";"127.0.0.1";"/test/panel/gallery/edit:$name";"0.051522970199585"
"1309814156.1157";"127.0.0.1";"/test/panel/gallery/edit:test3";"0.047802925109863"
"1309814159.1099";"127.0.0.1";"/test/panel/general";"0.056788921356201"
"1309814161.2799";"127.0.0.1";"/test/panel/general";"0.043851137161255"
"1309814162.6749";"127.0.0.1";"/test/panel.php?tab=sections";"0.05896782875061"
"1309814166.4143";"127.0.0.1";"/test/panel.php?EDIT";"0.041990041732788"
"1309814166.4883";"127.0.0.1";"/test/edit.php?section=home";"0.054210901260376"
"1309814166.5267";"127.0.0.1";"/test/panel.php?tab=gallery";"0.06470513343811"
"1309814168.317";"127.0.0.1";"/test/panel.php?tab=gallery&mode=edit&gallery=test3";"0.052238941192627"
"1309814171.7548";"127.0.0.1";"/test/panel.php?tab=gallery&mode=create";"0.051735162734985"
"1309814177.7212";"127.0.0.1";"/test/panel.php?tab=gallery&mode=edit&gallery=test4";"0.049962997436523"
"1309814190.8708";"127.0.0.1";"/test/gallery.php?gallery=test4";"0.078485012054443"
"1309814200.4246";"127.0.0.1";"/test/panel.php?tab=gallery&mode=edit&gallery=test4";"0.061617136001587"
"1309814218.3993";"127.0.0.1";"/test/gallery.php?gallery=test4";"0.058593988418579"
"1309814300.9294";"127.0.0.1";"/test/gallery.php?gallery=test4";"0.12420701980591"
"1309814301.0027";"127.0.0.1";"/test/gallery.php?gallery=test4";"0.15464997291565"
"1309814305.1538";"127.0.0.1";"/test/panel.php?tab=gallery&mode=edit&gallery=test4";"0.054354906082153"
"1309814327.8467";"127.0.0.1";"/test/panel.php?tab=gallery&mode=edit&gallery=test4";"0.038628101348877"
"1309814331.5824";"127.0.0.1";"/test/panel.php?DELETE_IMAGE";"0.058148145675659"
"1309814331.6483";"127.0.0.1";"/test/panel.php?tab=gallery&mode=edit&gallery=test4";"0.050879001617432"
"1309814343.2635";"127.0.0.1";"/test/panel.php";"0.059252023696899"
"1309814345.3567";"127.0.0.1";"/test/panel.php?tab=gallery";"0.049356937408447"
"1309814347.768";"127.0.0.1";"/test/panel.php?tab=videos";"0.090030908584595"
"1309814348.663";"127.0.0.1";"/test/panel.php?tab=gallery";"0.051985025405884"
"1309814351.2547";"127.0.0.1";"/test/panel.php?tab=gallery&mode=edit&gallery=test3";"0.050644159317017"
"1309814413.3684";"127.0.0.1";"/test/panel.php?tab=gallery&mode=edit&gallery=test3";"0.11975479125977"
"1309814413.432";"127.0.0.1";"/test/panel.php?tab=gallery&mode=edit&gallery=test3";"0.14914798736572"
"1309814436.4528";"127.0.0.1";"/test/panel.php?tab=videos";"0.052637100219727"
"1309814439.3876";"127.0.0.1";"/test/panel.php?PLAYLIST";"0.059311866760254"
"1309814439.6158";"127.0.0.1";"/test/panel.php?tab=videos&mode=upload&playlist=test";"0.21083188056946"
"1309814458.8482";"127.0.0.1";"/test/tv.php?playlist=test";"0.11877298355103"
"1309814458.9322";"127.0.0.1";"/test/tv.php?playlist=test";"0.075531959533691"
"1309814459.0024";"127.0.0.1";"/test/tv.php?playlist=test";"0.062692165374756"
"1309814459.0823";"127.0.0.1";"/test/tv.php?playlist=test";"0.064150094985962"
"1309814459.1524";"127.0.0.1";"/test/tv.php?playlist=test";"0.062767028808594"
"1309814459.2342";"127.0.0.1";"/test/tv.php?playlist=test";"0.066015958786011"
"1309814459.3054";"127.0.0.1";"/test/tv.php?playlist=test";"0.063911914825439"
"1309814459.3894";"127.0.0.1";"/test/tv.php?playlist=test";"0.067996025085449"
"1309814459.4714";"127.0.0.1";"/test/tv.php?playlist=test";"0.072772026062012"
"1309814459.5412";"127.0.0.1";"/test/tv.php?playlist=test";"0.062424898147583"
"1309814459.6276";"127.0.0.1";"/test/tv.php?playlist=test";"0.079008102416992"
"1309814459.7141";"127.0.0.1";"/test/tv.php?playlist=test";"0.078352928161621"
"1309814459.7969";"127.0.0.1";"/test/tv.php?playlist=test";"0.073973894119263"
"1309814459.8804";"127.0.0.1";"/test/tv.php?playlist=test";"0.074949026107788"
"1309814459.9596";"127.0.0.1";"/test/tv.php?playlist=test";"0.0710129737854"
"1309814460.0344";"127.0.0.1";"/test/tv.php?playlist=test";"0.06271505355835"
"1309814460.1121";"127.0.0.1";"/test/tv.php?playlist=test";"0.070426940917969"
"1309814460.1883";"127.0.0.1";"/test/tv.php?playlist=test";"0.066319942474365"
"1309814460.275";"127.0.0.1";"/test/tv.php?playlist=test";"0.079293966293335"
"1309814460.3465";"127.0.0.1";"/test/tv.php?playlist=test";"0.064083099365234"
"1309814460.4268";"127.0.0.1";"/test/tv.php?playlist=test";"0.064389944076538"
"1309814514.2594";"127.0.0.1";"/test/tv.php?playlist=test";"0.15005016326904"
"1309814514.342";"127.0.0.1";"/test/tv.php?playlist=test";"0.18961715698242"
"1309814558.5822";"127.0.0.1";"/test/panel.php?tab=videos&mode=upload&playlist=test";"0.11416697502136"
"1309814560.3811";"127.0.0.1";"/test/panel.php?tab=videos&mode=create";"0.056900024414062"
"1309814561.8736";"127.0.0.1";"/test/panel.php?tab=videos&mode=upload";"0.054291963577271"
"1309814588.5834";"127.0.0.1";"/test/panel.php?PLAYLIST";"0.062911033630371"
"1309814588.6753";"127.0.0.1";"/test/panel.php?tab=videos&mode=upload&playlist=test";"0.075898170471191"
"1309814590.3474";"127.0.0.1";"/test/tv.php?playlist=test";"0.11410093307495"
"1309814600.3303";"127.0.0.1";"/test/tv.php?playlist=test";"0.18205285072327"
"1309814602.6897";"127.0.0.1";"/test/panel.php?tab=videos&mode=upload&=playlist=test";"0.059090852737427"
"1309814607.2849";"127.0.0.1";"/test/panel.php?PLAYLIST";"0.059769153594971"
"1309814607.3768";"127.0.0.1";"/test/panel.php?tab=videos&mode=upload&playlist=test";"0.069683074951172"
"1309814631.1227";"127.0.0.1";"/test/panel.php?tab=videos&mode=upload&=playlist=test";"0.055994987487793"
"1309814645.9036";"127.0.0.1";"/test/tv.php?playlist=test";"0.14950895309448"
"1309814649.7519";"127.0.0.1";"/test/panel.php?tab=videos&mode=upload&playlist=test";"0.12857794761658"
"1309814805.2103";"127.0.0.1";"/test/panel.php?VIDEO_DELETE";"0.061307907104492"
"1309814805.3111";"127.0.0.1";"/test/panel.php?tab=videos&mode=upload&playlist=test";"0.078838109970093"
"1309814811.5649";"127.0.0.1";"/test/panel.php?VIDEO_DELETE";"0.060328960418701"
"1309814811.662";"127.0.0.1";"/test/panel.php?tab=videos&mode=upload&playlist=test";"0.081609964370728"
"1309814962.0795";"127.0.0.1";"/test/panel.php?tab=videos&mode=upload&playlist=test";"0.1746928691864"
"1309814965.1475";"127.0.0.1";"/test/panel.php?DELETE_VIDEO";"0.099055051803589"
"1309814965.2021";"127.0.0.1";"/test/panel.php";"0.03741717338562"
"1309814968.7188";"127.0.0.1";"/test/panel.php?tab=gallery";"0.079698801040649"
"1309814969.6396";"127.0.0.1";"/test/panel.php?tab=videos";"0.04797101020813"
"1309814971.1344";"127.0.0.1";"/test/panel.php?PLAYLIST";"0.058933973312378"
"1309814971.1985";"127.0.0.1";"/test/panel.php?tab=videos&mode=upload&playlist=test";"0.047457933425903"
"1309815038.2778";"127.0.0.1";"/test/panel.php?tab=videos&mode=upload&playlist=test";"0.061071872711182"
"1309815042.7905";"127.0.0.1";"/test/panel.php?DELETE_VIDEO";"0.059993028640747"
"1309815042.8485";"127.0.0.1";"/test/panel.php";"0.038020133972168"
"1309815046.9446";"127.0.0.1";"/test/panel.php?tab=videos";"0.044857025146484"
"1309815048.8766";"127.0.0.1";"/test/panel.php?PLAYLIST";"0.056287050247192"
"1309815048.9411";"127.0.0.1";"/test/panel.php?tab=videos&mode=upload&playlist=test";"0.046735048294067"
"1309815103.946";"127.0.0.1";"/test/panel.php?tab=videos&mode=upload&playlist=test";"0.074338912963867"
"1309815108.3573";"127.0.0.1";"/test/panel.php?DELETE_VIDEO";"0.06131386756897"
"1309815108.422";"127.0.0.1";"/test/panel.php?tab=videos&mode=upload&playlist=test";"0.045770883560181"
"1309831012.8278";"127.0.0.1";"/test/home.html";"0.31481313705444"
"1309831012.9791";"127.0.0.1";"/test/index.php?section=home";"0.27511811256409"
"1309831045.7609";"127.0.0.1";"/test/home.html";"0.059640169143677"
"1309831048.6328";"127.0.0.1";"/test/home.html";"0.07854700088501"
"1309831056.7425";"127.0.0.1";"/test/panel.php";"1.2027950286865"
"1309831063.0392";"127.0.0.1";"/test/panel.php?tab=gallery";"0.11894798278809"
"1309831064.777";"127.0.0.1";"/test/panel.php";"0.072323083877563"
"1309831067.288";"127.0.0.1";"/test/panel.php";"0.050282955169678"
"1309831072.4633";"127.0.0.1";"/test/panel.php";"0.15253400802612"
"1309831075.1254";"127.0.0.1";"/test/panel/user_pass";"0.080516815185547"
"1309831077.1245";"127.0.0.1";"/test/panel/sections";"0.080138921737671"
"1309831078.7266";"127.0.0.1";"/test/panel/gallery";"0.11434817314148"
"1309831080.776";"127.0.0.1";"/test/panel/sections";"0.057379007339478"
"1309831086.7398";"127.0.0.1";"/test/panel/section:edit";"0.065809011459351"
"1309831086.8651";"127.0.0.1";"/test/edit/section:home";"0.079171895980835"
"1309831093.3612";"127.0.0.1";"/test/edit/SAVE";"1.6372299194336"
"1309831093.4368";"127.0.0.1";"/test/edit/SAVED";"0.050919055938721"
"1309831102.4718";"127.0.0.1";"/test/panel/sections";"0.078726053237915"
"1309831104.4732";"127.0.0.1";"/test/panel/sections";"0.13898897171021"
"1309831107.9693";"127.0.0.1";"/test/panel/general";"0.097066164016724"
"1309831110.9503";"127.0.0.1";"/test/panel/general";"0.045014142990112"
"1309831114.3043";"127.0.0.1";"/test/panel.php?tab=gallery";"0.11535501480103"
"1309831116.5067";"127.0.0.1";"/test/panel.php?tab=sections";"0.07515287399292"
"1309831118.1947";"127.0.0.1";"/test/panel.php?EDIT";"0.070632219314575"
"1309831118.2801";"127.0.0.1";"/test/edit.php?section=home";"0.073292970657349"
"1309831121.2015";"127.0.0.1";"/test/edit.php?SAVE";"0.059927940368652"
"1309831121.2982";"127.0.0.1";"/test/edit.php?SAVED";"0.088038921356201"
"1309831124.8003";"127.0.0.1";"/test/panel.php?tab=sections";"1.0470888614655"
"1309831132.6398";"127.0.0.1";"/test/panel.php?tab=sections&mode=create_section";"0.090786933898926"
"1309831144.516";"127.0.0.1";"/test/edit.php?section=test&NEW";"0.044564008712769"
"1309831149.616";"127.0.0.1";"/test/edit.php?SAVE";"0.061814069747925"
"1309831149.6862";"127.0.0.1";"/test/edit.php?SAVED";"0.060791969299316"
"1309831152.1524";"127.0.0.1";"/test/panel.php?tab=sections";"0.055318117141724"
"1309831157.0496";"127.0.0.1";"/test/panel.php?tab=sections&mode=create_category";"0.069638967514038"
"1309831158.8563";"127.0.0.1";"/test/panel.php?tab=sections&mode=edit_section";"0.070075035095215"
"1309831187.6202";"127.0.0.1";"/test/panel.php?EDIT";"0.080716848373413"
"1309831187.6918";"127.0.0.1";"/test/edit.php?section=test";"0.056155204772949"
"1309831191.1633";"127.0.0.1";"/test/edit.php?SAVE";"0.49014401435852"
"1309831191.2329";"127.0.0.1";"/test/edit.php?SAVED";"0.042556047439575"
"1309831197.0912";"127.0.0.1";"/test/panel.php?tab=sections";"3.0305209159851"
"1309831199.0138";"127.0.0.1";"/test/panel.php?EDIT";"0.071509838104248"
"1309831199.084";"127.0.0.1";"/test/edit.php?section=test";"0.052430868148804"
"1309831202.3979";"127.0.0.1";"/test/edit.php?SAVE";"0.068231105804443"
"1309831202.4818";"127.0.0.1";"/test/edit.php?SAVED";"0.072503089904785"
"1309831203.7201";"127.0.0.1";"/test/panel.php?tab=sections";"0.079380989074707"
"1309831207.5917";"127.0.0.1";"/test/panel.php?tab=gallery";"0.077836990356445"
"1309831210.7495";"127.0.0.1";"/test/panel.php?tab=gallery&mode=edit&gallery=test";"0.12149810791016"
"1309831437.3694";"127.0.0.1";"/test/panel.php?DELETE_IMAGE";"0.34911704063416"
"1309831437.4434";"127.0.0.1";"/test/panel.php?tab=gallery&mode=edit&gallery=test";"0.047242879867554"
"1309833925.5396";"127.0.0.1";"/test/index.php?section=home";"0.33408904075623"
"1309833933.3817";"127.0.0.1";"/test/index.php?section=home";"0.049338102340698"
"1309833935.218";"127.0.0.1";"/test/panel.php?tab=gallery&mode=edit&gallery=test";"0.071101903915405"
"1309833939.1978";"127.0.0.1";"/test/panel.php?DELETE_IMAGE";"0.06926703453064"
"1309833939.2627";"127.0.0.1";"/test/panel.php?tab=gallery&mode=edit&gallery=test";"0.05428409576416"
"1309833986.1888";"127.0.0.1";"/test/panel.php?tab=gallery&mode=edit&gallery=test";"0.070195913314819"
"1309834001.4914";"127.0.0.1";"/test/panel.php?tab=gallery&mode=edit&gallery=test";"0.045795917510986"
"1309834058.7233";"127.0.0.1";"/test/panel.php?tab=gallery&mode=edit&gallery=test";"0.065870046615601"
"1309834061.5192";"127.0.0.1";"/test/panel.php?tab=gallery&mode=edit&gallery=test";"0.061434984207153"
"1309834068.4609";"127.0.0.1";"/test/panel.php?tab=gallery&mode=edit&gallery=test";"0.057325839996338"
"1309834088.4087";"127.0.0.1";"/test/panel.php?tab=gallery&mode=edit&gallery=test";"0.04227614402771"
"1309834092.4393";"127.0.0.1";"/test/panel.php?tab=gallery&mode=edit&gallery=test";"0.067641019821167"
"1309834095.5378";"127.0.0.1";"/test/gallery.php?gallery=test";"0.13173317909241"
"1309834120.2818";"127.0.0.1";"/test/panel.php?tab=gallery&mode=edit&gallery=test";"0.054123163223267"
"1309834134.2167";"127.0.0.1";"/test/panel.php?tab=videos";"0.11300301551819"
"1309834136.6808";"127.0.0.1";"/test/panel.php?PLAYLIST";"0.064171075820923"
"1309834136.743";"127.0.0.1";"/test/panel.php?tab=videos&mode=upload&playlist=test";"0.048079013824463"
"1309834149.5939";"127.0.0.1";"/test/panel.php?tab=videos&mode=upload&playlist=test";"0.070142984390259"
"1309834157.6036";"127.0.0.1";"/test/panel.php?DELETE_VIDEO";"0.059036016464233"
"1309834157.6662";"127.0.0.1";"/test/panel.php?tab=videos&mode=upload&playlist=test";"0.053435087203979"
"1309834173.0331";"127.0.0.1";"/test/panel.php?tab=videos&mode=upload&playlist=test";"0.069576025009155"
"1309834184.78";"127.0.0.1";"/test/panel.php?tab=gallery";"0.052708864212036"
"1309834189.3715";"127.0.0.1";"/test/panel.php?tab=gallery&mode=edit&gallery=test2";"0.047703981399536"
"1309834197.9414";"127.0.0.1";"/test/panel.php?tab=gallery&mode=edit&gallery=test2";"0.037153005599976"
"1309834214.3048";"127.0.0.1";"/test/panel.php?tab=gallery&mode=edit&gallery=test2";"0.14382410049438"
"1309834214.3525";"127.0.0.1";"/test/panel.php?tab=gallery&mode=edit&gallery=test2";"0.14806890487671"
"1309834219.9649";"127.0.0.1";"/test/panel.php?tab=gallery&mode=edit&gallery=test2";"0.054630994796753"
"1309834237.4371";"127.0.0.1";"/test/panel.php?tab=gallery&mode=edit&gallery=test2";"0.039843082427979"
"1309834241.5573";"127.0.0.1";"/test/panel.php?tab=gallery&mode=edit&gallery=test2";"0.058517217636108"
"1309834276.8098";"127.0.0.1";"/test/panel.php?tab=gallery&mode=edit&gallery=test2";"0.12696504592896"
"1309834276.8854";"127.0.0.1";"/test/panel.php?tab=gallery&mode=edit&gallery=test2";"0.11021685600281"
"1309834409.8519";"127.0.0.1";"/test/panel.php?tab=gallery&mode=edit&gallery=test2";"0.051568984985352"
"1309834411.7724";"127.0.0.1";"/test/panel.php?tab=gallery&mode=edit&gallery=test2";"0.060800075531006"
"1309834440.1284";"127.0.0.1";"/test/panel.php";"0.052694082260132"
"1309834483.6357";"127.0.0.1";"/test/panel.php";"0.22944617271423"
"1309834483.6805";"127.0.0.1";"/test/panel.php";"0.22403287887573"
"1309834501.2382";"127.0.0.1";"/test/panel.php";"0.2543671131134"
"1309834501.2792";"127.0.0.1";"/test/panel.php";"0.16683912277222"
"1309834514.8612";"127.0.0.1";"/test/panel.php";"0.17697215080261"
"1309834536.0616";"127.0.0.1";"/test/panel.php";"0.24217319488525"
"1309834536.101";"127.0.0.1";"/test/panel.php";"0.23827600479126"
"1309834554.4574";"127.0.0.1";"/test/panel.php";"0.065940856933594"
"1309834554.523";"127.0.0.1";"/test/panel.php";"0.084033012390137"
"1309834557.4032";"127.0.0.1";"/test/panel.php";"0.19803905487061"
"1309834569.5623";"127.0.0.1";"/test/panel.php";"0.21396398544312"
"1309834583.499";"127.0.0.1";"/test/panel.php";"0.18145895004272"
"1309834593.5719";"127.0.0.1";"/test/panel.php";"0.17864489555359"
"1309834599.2275";"127.0.0.1";"/test/panel.php";"0.21799516677856"
"1309834613.0533";"127.0.0.1";"/test/panel.php";"0.21729803085327"
"1309834625.0576";"127.0.0.1";"/test/panel.php";"0.1690468788147"
"1309834645.2211";"127.0.0.1";"/test/panel.php";"0.28280401229858"
"1309834645.2786";"127.0.0.1";"/test/panel.php";"0.2861180305481"
"1309834654.7426";"127.0.0.1";"/test/panel.php";"0.20895409584045"
"1309834664.144";"127.0.0.1";"/test/panel.php";"0.21847200393677"
"1309834694.5978";"127.0.0.1";"/test/panel.php";"0.23603081703186"
"1309834694.6398";"127.0.0.1";"/test/panel.php";"0.22749900817871"
"1309834701.6023";"127.0.0.1";"/test/panel.php";"0.19755101203918"
"1309834706.4259";"127.0.0.1";"/test/panel.php";"0.21861290931702"
"1309834772.0112";"127.0.0.1";"/test/panel.php";"0.087526798248291"
"1309834772.0757";"127.0.0.1";"/test/panel.php";"0.085180044174194"
"1309834809.2959";"127.0.0.1";"/test/panel.php";"0.15582513809204"
"1309834816.241";"127.0.0.1";"/test/panel.php";"0.14853596687317"
"1309834876.4475";"127.0.0.1";"/test/panel.php";"0.20316982269287"
"1309834876.492";"127.0.0.1";"/test/panel.php";"0.21056294441223"
"1309834887.8939";"127.0.0.1";"/test/panel.php";"0.21927785873413"
"1309834900.0949";"127.0.0.1";"/test/panel.php";"0.2331531047821"
"1309834906.6338";"127.0.0.1";"/test/panel.php";"0.20149898529053"
"1309834914.3978";"127.0.0.1";"/test/panel.php";"0.19919610023499"
"1309834919.4993";"127.0.0.1";"/test/panel.php";"0.16400098800659"
"1309834938.6076";"127.0.0.1";"/test/panel.php";"0.058104038238525"
"1309835485.0428";"127.0.0.1";"/test/panel.php";"0.15757298469543"
"1309835491.7521";"127.0.0.1";"/test/panel.php";"0.20318388938904"
"1309835496.1334";"127.0.0.1";"/test/panel.php";"0.18056607246399"
"1309835501.3371";"127.0.0.1";"/test/panel.php";"0.17452001571655"
"1309835503.7671";"127.0.0.1";"/test/panel.php";"0.035099029541016"
"1309835506.6556";"127.0.0.1";"/test/panel.php";"0.057466983795166"
"1309835560.7819";"127.0.0.1";"/test/panel.php";"0.067580938339233"
"1309835560.8526";"127.0.0.1";"/test/panel.php";"0.10021805763245"
"1309835629.7025";"127.0.0.1";"/test/panel.php";"0.2443311214447"
"1309835629.7501";"127.0.0.1";"/test/panel.php";"0.24977111816406"
"1309835679.8236";"127.0.0.1";"/test/panel.php";"0.16935610771179"
"1309835681.7519";"127.0.0.1";"/test/panel.php";"0.035768985748291"
"1309835683.9469";"127.0.0.1";"/test/panel.php";"0.074908971786499"
"1309835687.6706";"127.0.0.1";"/test/panel.php";"0.034865856170654"
"1309835717.072";"127.0.0.1";"/test/panel.php";"0.26446604728699"
"1309835717.1256";"127.0.0.1";"/test/panel.php";"0.26523399353027"
"1309835728.3146";"127.0.0.1";"/test/panel.php";"0.20908689498901"
"1309835738.2273";"127.0.0.1";"/test/panel.php";"0.21558809280396"
"1309835754.1725";"127.0.0.1";"/test/panel.php?tab=user_pass";"0.060850143432617"
"1309835755.9069";"127.0.0.1";"/test/panel.php";"0.051065921783447"
"1309835812.4419";"127.0.0.1";"/test/panel.php";"0.23954701423645"
"1309835812.4763";"127.0.0.1";"/test/panel.php";"0.2108108997345"
"1309835814.6224";"127.0.0.1";"/test/panel.php?tab=user_pass";"0.056245803833008"
"1309835823.1122";"127.0.0.1";"/test/panel.php";"0.052574157714844"
"1309835824.4";"127.0.0.1";"/test/panel.php?tab=user_pass";"0.054642200469971"
"1309835838.4494";"127.0.0.1";"/test/panel.php";"0.050225019454956"
"1309835841.4117";"127.0.0.1";"/test/panel.php?tab=backup";"0.048135042190552"
"1309835843.7647";"127.0.0.1";"/test/panel.php?tab=style";"0.083852052688599"
"1309835845.0467";"127.0.0.1";"/test/panel.php?tab=videos";"0.055474996566772"
"1309835846.0618";"127.0.0.1";"/test/panel.php?tab=backup";"0.05080509185791"
"1309835847.4775";"127.0.0.1";"/test/panel.php?tab=backup&mode=restore";"0.04585599899292"
"1309835848.5101";"127.0.0.1";"/test/panel.php?tab=backup&mode=create";"0.050412893295288"
"1309835852.0656";"127.0.0.1";"/test/panel.php?tab=backup&mode=create";"0.11059784889221"
"1309835854.4807";"127.0.0.1";"/test/panel.php";"0.072463035583496"
"1309835856.3283";"127.0.0.1";"/test/panel.php";"0.12374997138977"
"1309835886.1416";"127.0.0.1";"/test/panel.php";"0.12195706367493"
"1309835889.8763";"127.0.0.1";"/test/panel.php";"0.052570819854736"
"1309836151.3516";"127.0.0.1";"/test/panel.php";"0.045164823532104"
"1309836154.952";"127.0.0.1";"/test/panel.php?tab=user_pass";"0.055716991424561"
"1309836156.8008";"127.0.0.1";"/test/panel.php?tab=sections";"0.06528902053833"
"1309836157.6924";"127.0.0.1";"/test/panel.php?tab=user_pass";"0.045742988586426"
"1309836158.7953";"127.0.0.1";"/test/panel.php?tab=user_pass";"0.044523954391479"
"1309836162.6913";"127.0.0.1";"/test/panel.php?tab=sections";"0.051801204681396"
"1309836182.5996";"127.0.0.1";"/test/panel.php?tab=sections&mode=create_section";"0.0661940574646"
"1309836187.2009";"127.0.0.1";"/test/panel.php?tab=user_pass";"0.056632995605469"
"1309836188.2405";"127.0.0.1";"/test/panel.php?tab=sections";"0.049216032028198"
"1309836194.7181";"127.0.0.1";"/test/panel.php?EDIT";"0.044799089431763"
"1309836194.8202";"127.0.0.1";"/test/edit.php?section=home";"0.081083059310913"
"1309836194.8578";"127.0.0.1";"/test/panel.php?tab=sections&mode=create_section";"0.085602998733521"
"1309836197.0766";"127.0.0.1";"/test/panel.php?tab=sections&mode=create_category";"0.060855150222778"
"1309836199.1056";"127.0.0.1";"/test/panel.php?tab=sections&mode=create_section";"0.057214021682739"
"1309836220.7882";"127.0.0.1";"/test/edit.php?section=anyone-else-than-some&NEW";"0.045603036880493"
"1309836225.563";"127.0.0.1";"/test/edit.php?SAVE";"0.051947116851807"
"1309836225.6344";"127.0.0.1";"/test/edit.php?SAVED";"0.062669038772583"
"1309836227.3364";"127.0.0.1";"/test/panel.php?tab=sections";"0.053040027618408"
"1309836241.3919";"127.0.0.1";"/test/panel.php?EDIT";"0.098734855651855"
"1309836241.506";"127.0.0.1";"/test/edit.php?section=anyone-else-than-some";"0.091907978057861"
"1309837554.8273";"127.0.0.1";"/test/edit.php?SAVE";"0.064943075180054"
"1309837554.8994";"127.0.0.1";"/test/edit.php?SAVED";"0.057857036590576"
"1309837558.106";"127.0.0.1";"/test/panel.php?tab=sections";"0.05402398109436"
"1309837560.0482";"127.0.0.1";"/test/panel.php?EDIT";"0.055850982666016"
"1309837560.1193";"127.0.0.1";"/test/edit.php?section=test";"0.057952880859375"
"1309837568.3448";"127.0.0.1";"/test/panel.php?tab=sections";"0.07320499420166"
"1309837618.3033";"127.0.0.1";"/test/panel.php?EDIT";"0.053824901580811"
"1309837618.3524";"127.0.0.1";"/test/edit.php?section=home";"0.037131071090698"
"1309837620.0338";"127.0.0.1";"/test/edit.php?SAVE";"0.054589033126831"
"1309837620.1057";"127.0.0.1";"/test/edit.php?SAVED";"0.060254096984863"
"1309837762.8073";"127.0.0.1";"/test/panel.php?tab=sections";"0.066943168640137"
"1309837762.866";"127.0.0.1";"/test/panel.php?tab=sections";"0.081346035003662"
"1309837764.7227";"127.0.0.1";"/test/panel.php?EDIT";"0.053374052047729"
"1309837764.8065";"127.0.0.1";"/test/edit.php?section=home";"0.071141004562378"
"1309837769.4202";"127.0.0.1";"/test/panel.php?tab=sections";"0.069255113601685"
"1309837837.0027";"127.0.0.1";"/test/panel.php?tab=sections";"0.20202708244324"
"1309837837.0449";"127.0.0.1";"/test/panel.php?tab=sections";"0.20041298866272"
"1309837839.5873";"127.0.0.1";"/test/panel.php?tab=sections";"0.12463998794556"
"1309837850.0137";"127.0.0.1";"/test/panel.php?tab=gallery";"0.086205005645752"
"1309837895.2111";"127.0.0.1";"/test/panel.php?tab=gallery";"0.10021710395813"
"1309837895.3438";"127.0.0.1";"/test/panel.php?tab=gallery";"0.083069801330566"
"1309837897.7048";"127.0.0.1";"/test/panel.php?tab=gallery&mode=edit&gallery=test";"0.052741050720215"
"1309837905.4115";"127.0.0.1";"/test/panel.php?tab=gallery&mode=edit&gallery=test";"0.10506510734558"
"1309837915.9956";"127.0.0.1";"/test/panel.php?tab=gallery&mode=edit&gallery=test";"0.13202810287476"
"1309837917.0611";"127.0.0.1";"/test/panel.php?tab=gallery&mode=edit&gallery=test";"0.061722993850708"
"1309837918.6596";"127.0.0.1";"/test/panel.php?tab=gallery&mode=edit&gallery=test";"0.15275192260742"
"1309837929.7292";"127.0.0.1";"/test/panel.php?tab=gallery&mode=edit&gallery=test";"0.13261818885803"
"1309837936.0702";"127.0.0.1";"/test/panel.php?tab=gallery&mode=edit";"0.081215143203735"
"1309837955.1312";"127.0.0.1";"/test/panel.php?tab=gallery&mode=edit";"0.11960697174072"
"1309837955.2002";"127.0.0.1";"/test/panel.php?tab=gallery&mode=edit";"0.1352219581604"
"1309837960.5783";"127.0.0.1";"/test/panel.php?tab=gallery&mode=edit";"0.12044405937195"
"1309837968.6512";"127.0.0.1";"/test/panel.php?tab=gallery&mode=edit";"0.12432813644409"
"1309837976.4666";"127.0.0.1";"/test/panel.php?tab=gallery&mode=edit";"0.10501503944397"
"1309837989.301";"127.0.0.1";"/test/panel.php?tab=gallery&mode=edit";"0.11029601097107"
"1309837993.6903";"127.0.0.1";"/test/panel.php?tab=gallery&mode=edit";"0.10008811950684"
"1309837996.0889";"127.0.0.1";"/test/panel.php?tab=gallery&mode=edit&gallery=test";"0.051342964172363"
"1309838004.3427";"127.0.0.1";"/test/panel.php?tab=gallery&mode=edit&gallery=test";"0.13137793540955"
"1309838016.324";"127.0.0.1";"/test/panel.php?tab=gallery&mode=edit&gallery=test";"0.12827205657959"
"1309838021.4318";"127.0.0.1";"/test/panel.php?tab=gallery&mode=edit&gallery=test";"0.1400830745697"
"1309838072.8189";"127.0.0.1";"/test/panel.php?tab=gallery&mode=edit&gallery=test";"0.14481091499329"
"1309838072.8944";"127.0.0.1";"/test/panel.php?tab=gallery&mode=edit&gallery=test";"0.14620018005371"
"1309838078.299";"127.0.0.1";"/test/panel.php?tab=gallery&mode=edit";"0.074471950531006"
"1309838131.5431";"127.0.0.1";"/test/panel.php?tab=gallery&mode=edit";"0.10745906829834"
"1309838131.6234";"127.0.0.1";"/test/panel.php?tab=gallery&mode=edit";"0.083075046539307"
"1309838133.8664";"127.0.0.1";"/test/panel.php?tab=gallery&mode=edit&gallery=test";"0.053519010543823"
"1309838144.4316";"127.0.0.1";"/test/panel.php?tab=gallery&mode=edit&gallery=test";"0.15053987503052"
"1309838159.9053";"127.0.0.1";"/test/panel.php?tab=gallery&mode=edit&gallery=test";"0.13518095016479"
"1309838159.9767";"127.0.0.1";"/test/panel.php?tab=gallery&mode=edit&gallery=test";"0.13273596763611"
"1309838166.9802";"127.0.0.1";"/test/panel.php?tab=gallery&mode=edit";"0.067605018615723"
"1309838172.9573";"127.0.0.1";"/test/panel.php?tab=gallery&mode=edit";"0.10703992843628"
"1309838190.6423";"127.0.0.1";"/test/panel.php?tab=gallery&mode=edit";"0.14000082015991"
"1309838190.6862";"127.0.0.1";"/test/panel.php?tab=gallery&mode=edit";"0.14590787887573"
"1309838199.019";"127.0.0.1";"/test/panel.php?tab=gallery&mode=edit";"0.11054396629333"
"1309838201.7518";"127.0.0.1";"/test/panel.php?tab=gallery&mode=edit&gallery=test2";"0.048121929168701"
"1309838224.3901";"127.0.0.1";"/test/panel.php?tab=gallery&mode=edit&gallery=test2";"0.10360789299011"
"1309838224.5084";"127.0.0.1";"/test/panel.php?tab=gallery&mode=edit&gallery=test2";"0.080678939819336"
"1309838235.1831";"127.0.0.1";"/test/panel.php?tab=gallery&mode=edit&gallery=test2";"0.12741708755493"
"1309838241.3466";"127.0.0.1";"/test/panel.php?tab=gallery&mode=edit&gallery=test2";"0.15455102920532"
"1309838288.6774";"127.0.0.1";"/test/panel.php?tab=gallery&mode=edit";"0.072639942169189"
"1309838301.8189";"127.0.0.1";"/test/panel.php?tab=gallery&mode=edit";"0.10572600364685"
"1309838328.188";"127.0.0.1";"/test/panel.php?tab=gallery&mode=edit";"0.12166690826416"
"1309838328.2526";"127.0.0.1";"/test/panel.php?tab=gallery&mode=edit";"0.12241792678833"
"1309838340.6008";"127.0.0.1";"/test/panel.php?tab=gallery&mode=edit";"0.11946201324463"
"1309838343.7802";"127.0.0.1";"/test/panel.php?tab=gallery&mode=edit&gallery=test2";"0.042106866836548"
"1309838350.7641";"127.0.0.1";"/test/panel.php?tab=gallery&mode=edit&gallery=test2";"0.13005018234253"
"1309838366.1209";"127.0.0.1";"/test/panel.php?tab=gallery&mode=edit&gallery=test2";"0.12562799453735"
"1309838366.1982";"127.0.0.1";"/test/panel.php?tab=gallery&mode=edit&gallery=test2";"0.14234614372253"
"1309838370.9272";"127.0.0.1";"/test/panel.php?tab=gallery&mode=edit";"0.0730299949646"
"1309838398.6405";"127.0.0.1";"/test/panel.php?tab=gallery&mode=edit";"0.12610793113708"
"1309838398.7048";"127.0.0.1";"/test/panel.php?tab=gallery&mode=edit";"0.14731693267822"
"1309838405.0201";"127.0.0.1";"/test/panel.php?tab=gallery&mode=edit";"0.11277389526367"
"1309838412.4596";"127.0.0.1";"/test/panel.php?tab=gallery&mode=edit";"0.10523891448975"
"1309838415.5904";"127.0.0.1";"/test/panel.php?tab=gallery&mode=edit&gallery=test";"0.041079044342041"
"1309838421.6348";"127.0.0.1";"/test/panel.php?tab=gallery&mode=edit&gallery=test";"0.13737392425537"
"1309838426.5244";"127.0.0.1";"/test/panel.php?tab=gallery&mode=edit&gallery=test";"0.095980882644653"
"1309838442.1242";"127.0.0.1";"/test/panel.php?tab=gallery&mode=edit&gallery=test";"0.12612795829773"
"1309838447.0571";"127.0.0.1";"/test/panel.php?tab=gallery&mode=edit";"0.072512149810791"
"1309838454.3056";"127.0.0.1";"/test/panel.php?tab=gallery&mode=edit";"0.13494491577148"
"1309838457.2167";"127.0.0.1";"/test/panel.php?tab=gallery&mode=edit&gallery=test2";"0.051871061325073"
"1309838643.5528";"127.0.0.1";"/test/panel.php?tab=gallery&mode=edit&gallery=test2";"0.061424970626831"
"1309838656.731";"127.0.0.1";"/test/panel.php?tab=gallery&mode=edit&gallery=test2";"0.054749965667725"
"1309838660.5725";"127.0.0.1";"/test/panel.php?tab=gallery&mode=edit&gallery=test2";"0.068877935409546"
"1309838669.0703";"127.0.0.1";"/test/panel.php?tab=videos";"0.086438894271851"
"1309838670.8253";"127.0.0.1";"/test/panel.php?PLAYLIST";"0.076006889343262"
"1309838670.9442";"127.0.0.1";"/test/panel.php?tab=videos&mode=upload&playlist=test";"0.1061589717865"
"1309838673.296";"127.0.0.1";"/test/panel.php?DELETE_VIDEO";"0.075709819793701"
"1309838673.3522";"127.0.0.1";"/test/panel.php?tab=videos&mode=upload&playlist=test";"0.04885196685791"
"1309838691.1369";"127.0.0.1";"/test/panel.php?tab=videos&mode=upload&playlist=test";"0.060909032821655"
"1309838696.9823";"127.0.0.1";"/test/panel.php?tab=videos&mode=upload&playlist=test";"0.10622787475586"
"1309838699.0698";"127.0.0.1";"/test/panel.php?DELETE_VIDEO";"0.070225954055786"
"1309838699.1348";"127.0.0.1";"/test/panel.php?tab=videos&mode=upload&playlist=test";"0.051696062088013"
"1309838752.5834";"127.0.0.1";"/test/panel.php?tab=videos&mode=upload&playlist=test";"0.068427085876465"
"1309838755.174";"127.0.0.1";"/test/panel.php?DELETE_VIDEO";"0.073858976364136"
"1309838755.2343";"127.0.0.1";"/test/panel.php?tab=videos&mode=upload&playlist=test";"0.049478054046631"
"1309838851.8256";"127.0.0.1";"/test/panel.php?tab=videos&mode=upload&playlist=test";"0.061133146286011"
"1309838854.7568";"127.0.0.1";"/test/panel.php?DELETE_VIDEO";"0.069216966629028"
"1309838854.8205";"127.0.0.1";"/test/panel.php?tab=videos&mode=upload&playlist=test";"0.047784090042114"
"1309838858.0503";"127.0.0.1";"/test/panel.php?tab=videos&mode=upload&playlist=test";"0.062968969345093"
"1309838859.2556";"127.0.0.1";"/test/panel.php?tab=videos&mode=upload&playlist=test";"0.060421943664551"
"1309838905.1766";"127.0.0.1";"/test/panel.php?tab=videos&mode=upload&playlist=test";"0.090207815170288"
"1309838905.2462";"127.0.0.1";"/test/panel.php?tab=videos&mode=upload&playlist=test";"0.085124015808105"
"1309838906.1447";"127.0.0.1";"/test/panel.php?tab=videos&mode=upload&playlist=test";"0.079435110092163"
"1309838913.2924";"127.0.0.1";"/test/panel.php?tab=videos&mode=upload&playlist=test";"0.063946962356567"
"1309838919.1189";"127.0.0.1";"/test/panel.php?tab=videos&mode=upload&playlist=test";"0.10733699798584"
"1309838921.5638";"127.0.0.1";"/test/panel.php?DELETE_VIDEO";"0.060894966125488"
"1309838921.638";"127.0.0.1";"/test/panel.php?tab=videos&mode=upload&playlist=test";"0.047217845916748"
"1309838924.7833";"127.0.0.1";"/test/panel.php?tab=videos&mode=upload&playlist=test";"0.063537836074829"
"1309838950.32";"127.0.0.1";"/test/panel.php?tab=videos&mode=upload&playlist=test";"0.070080041885376"
"1309838953.3262";"127.0.0.1";"/test/panel.php?tab=videos&mode=upload&playlist=test";"0.049827098846436"
"1309839012.957";"127.0.0.1";"/test/panel.php?tab=videos&mode=upload&playlist=test";"0.078376770019531"
"1309839013.0347";"127.0.0.1";"/test/panel.php?tab=videos&mode=upload&playlist=test";"0.10585999488831"
"1309839021.6501";"127.0.0.1";"/test/panel.php?tab=videos&mode=upload&playlist=test";"0.061643123626709"
"1309839036.2303";"127.0.0.1";"/test/panel.php?tab=videos&mode=upload&playlist=test";"0.042176008224487"
"1309841160.9356";"127.0.0.1";"/test/index.php?section=home";"0.17374014854431"
"1309841166.4043";"127.0.0.1";"/test/home.html";"0.065585136413574"
"1309841171.3025";"127.0.0.1";"/test/home.html";"0.06279993057251"
"1309841174.2061";"127.0.0.1";"/test/panel.php?tab=videos&mode=upload&playlist=test";"0.074354887008667"
"1309841178.8394";"127.0.0.1";"/test/panel.php?tab=videos&mode=upload&playlist=test";"0.049984931945801"
"1309841186.9971";"127.0.0.1";"/test/panel.php?tab=videos&mode=upload&playlist=test";"0.044397830963135"
"1309841226.6372";"127.0.0.1";"/test/panel.php?tab=videos&mode=upload&playlist=test";"0.073187112808228"
"1309841255.0792";"127.0.0.1";"/test/panel.php?tab=videos&mode=upload&playlist=test";"0.069658041000366"
"1309841263.6912";"127.0.0.1";"/test/panel.php?tab=videos&mode=upload&playlist=test";"0.090760946273804"
"1309841269.9926";"127.0.0.1";"/test/panel.php?tab=videos&mode=upload&playlist=test";"0.064543962478638"
"1309841436.0828";"127.0.0.1";"/test/panel.php?tab=videos&mode=upload&playlist=test";"0.067680835723877"
"1309841440.2699";"127.0.0.1";"/test/panel.php?tab=videos&mode=upload&playlist=test";"0.049973011016846"
"1309841680.6098";"127.0.0.1";"/test/panel.php?tab=videos&mode=upload&playlist=test";"0.073400974273682"
"1309841681.807";"127.0.0.1";"/test/panel.php?tab=videos&mode=upload&playlist=test";"0.068558931350708"
"1309842610.1346";"127.0.0.1";"/test/panel.php?tab=style";"0.078099966049194"
"1309842610.19";"127.0.0.1";"/test/panel.php?tab=style";"0.093729019165039"
"1309842638.997";"127.0.0.1";"/test/panel.php?tab=style&mode=template";"0.10350203514099"
"1309842639.063";"127.0.0.1";"/test/panel.php?tab=style&mode=template";"0.12248611450195"
"1309842642.5152";"127.0.0.1";"/test/panel.php?tab=style&mode=template&template_file=panel_create_section.tpl";"0.09092378616333"
"1309842652.8792";"127.0.0.1";"/test/panel.php?tab=style&mode=template&template_file=panel_create_section.tpl";"0.090850114822388"
"1309842656.306";"127.0.0.1";"/test/panel.php?tab=style&mode=edit_style";"0.054700136184692"
"1309842657.1621";"127.0.0.1";"/test/panel.php?tab=style&mode=template";"0.061818838119507"
"1309842663.4774";"127.0.0.1";"/test/panel.php?tab=style&mode=template";"0.06088399887085"
"1309842711.0474";"127.0.0.1";"/test/panel.php?tab=style&mode=template";"0.13913202285767"
"1309842711.1039";"127.0.0.1";"/test/panel.php?tab=style&mode=template";"0.15188813209534"
"1309842713.8489";"127.0.0.1";"/test/panel.php?tab=style&mode=template&template_file=panel_create_category.tpl";"0.080399990081787"
"1309842721.7308";"127.0.0.1";"/test/panel.php?tab=style&mode=template&template_file=panel_create_category.tpl";"0.10243916511536"
"1309842728.6938";"127.0.0.1";"/test/panel.php?tab=style&mode=template&template_file=blog_entry_form.tpl";"0.065783023834229"
"1309842780.8896";"127.0.0.1";"/test/panel.php?tab=style&mode=template&template_file=404.tpl";"0.052278995513916"
"1309842794.8453";"127.0.0.1";"/test/panel.php?tab=backup";"0.055459022521973"
"1309842797.6396";"127.0.0.1";"/test/panel.php?tab=style";"0.056464910507202"
"1309842993.5789";"127.0.0.1";"/test/panel.php?tab=style";"0.1122100353241"
"1309843017.9182";"127.0.0.1";"/test/panel.php?tab=style";"0.075589895248413"
"1309843018.0195";"127.0.0.1";"/test/panel.php?tab=style";"0.07515811920166"
"1309843211.9166";"127.0.0.1";"/test/panel.php?tab=style";"0.07781720161438"
"1309843211.9864";"127.0.0.1";"/test/panel.php?tab=style";"0.10212278366089"
"1309843226.9667";"127.0.0.1";"/test/panel.php?UPDATE_STYLE";"0.059684038162231"
"1309843260.2004";"127.0.0.1";"/test/panel.php?UPDATE_STYLE";"0.058076858520508"
"1309843260.2722";"127.0.0.1";"/test/panel.php?UPDATE_STYLE";"0.054140090942383"
"1309843533.8789";"127.0.0.1";"/test/panel.php?tab=style";"0.068261861801147"
"1309843533.9444";"127.0.0.1";"/test/panel.php?tab=style";"0.095049142837524"
"1309843535.9556";"127.0.0.1";"/test/panel.php?tab=style&mode=template";"0.064656972885132"
"1309843537.2965";"127.0.0.1";"/test/panel.php?tab=style&mode=edit_style";"0.057016134262085"
"1309843574.8753";"127.0.0.1";"/test/panel.php?tab=style&mode=edit_style";"0.074567079544067"
"1309843574.939";"127.0.0.1";"/test/panel.php?tab=style&mode=edit_style";"0.081773996353149"
"1309843795.2965";"127.0.0.1";"/test/panel.php?tab=style&mode=edit_style";"0.044863939285278"
"1309843796.3536";"127.0.0.1";"/test/panel.php?tab=style&mode=edit_style";"0.038985013961792"
"1309843847.0352";"127.0.0.1";"/test/panel.php?tab=style&mode=edit_style";"0.056380033493042"
"1309843899.4553";"127.0.0.1";"/test/panel.php?tab=style&mode=edit_style";"0.070274114608765"
"1309843899.5241";"127.0.0.1";"/test/panel.php?tab=style&mode=edit_style";"0.10249400138855"
"1309844393.7774";"127.0.0.1";"/test/panel.php?tab=style&mode=edit_style";"0.062986135482788"
"1309846016.4825";"127.0.0.1";"/test/panel.php?tab=style&mode=edit_style";"0.096561908721924"
"1309846016.5399";"127.0.0.1";"/test/panel.php?tab=style&mode=edit_style";"0.08666205406189"
"1309846124.7489";"127.0.0.1";"/test/panel.php?tab=style&mode=edit_style";"0.072384834289551"
"1309846124.8237";"127.0.0.1";"/test/panel.php?tab=style&mode=edit_style";"0.10612607002258"
"1309846159.6714";"127.0.0.1";"/test/panel.php?tab=style&mode=edit_style";"0.070723056793213"
"1309846159.7371";"127.0.0.1";"/test/panel.php?tab=style&mode=edit_style";"0.10568189620972"
"1309846176.0834";"127.0.0.1";"/test/panel.php";"0.059694051742554"
"1309846182.8398";"127.0.0.1";"/test/panel.php?tab=style";"0.048092126846313"
"1309846268.9469";"127.0.0.1";"/test/panel.php?tab=style";"0.071363925933838"
"1309846269.0074";"127.0.0.1";"/test/panel.php?tab=style";"0.079083919525146"
"1309846308.381";"127.0.0.1";"/test/panel.php?tab=style";"0.068331003189087"
"1309846308.4429";"127.0.0.1";"/test/panel.php?tab=style";"0.087877035140991"
"1309846312.7528";"127.0.0.1";"/test/panel.php?tab=style";"0.11440396308899"
"1309846314.5658";"127.0.0.1";"/test/panel.php?tab=style";"0.050255060195923"
"1309846348.029";"127.0.0.1";"/test/panel.php?tab=style";"0.093766927719116"
"1309846348.1001";"127.0.0.1";"/test/panel.php?tab=style";"0.11376404762268"
"1309846475.8666";"127.0.0.1";"/test/panel.php?tab=style";"0.086177825927734"
"1309846475.9325";"127.0.0.1";"/test/panel.php?tab=style";"0.11228680610657"
"1309846503.7715";"127.0.0.1";"/test/panel.php?tab=style";"0.076066017150879"
"1309846503.8403";"127.0.0.1";"/test/panel.php?tab=style";"0.1009259223938"
"1309846594.7735";"127.0.0.1";"/test/panel.php?tab=style";"0.075265884399414"
"1309846594.8456";"127.0.0.1";"/test/panel.php?tab=style";"0.078409910202026"
"1309846607.1008";"127.0.0.1";"/test/panel.php?tab=style";"0.071759939193726"
"1309846630.931";"127.0.0.1";"/test/panel.php?tab=style";"0.075558185577393"
"1309846630.9975";"127.0.0.1";"/test/panel.php?tab=style";"0.093151092529297"
"1309846658.4202";"127.0.0.1";"/test/panel.php?tab=style";"0.082287073135376"
"1309846658.4997";"127.0.0.1";"/test/panel.php?tab=style";"0.086641073226929"
"1309846683.103";"127.0.0.1";"/test/panel.php?tab=style";"0.074153900146484"
"1309846683.1688";"127.0.0.1";"/test/panel.php?tab=style";"0.095452070236206"
"1309846725.2596";"127.0.0.1";"/test/panel.php?tab=style";"0.073870897293091"
"1309846725.3125";"127.0.0.1";"/test/panel.php?tab=style";"0.072764873504639"
"1309846771.6808";"127.0.0.1";"/test/panel.php?tab=style";"0.072125911712646"
"1309846771.7411";"127.0.0.1";"/test/panel.php?tab=style";"0.091645002365112"
"1309846780.6023";"127.0.0.1";"/test/panel.php?tab=style";"0.07088303565979"
"1309846821.3732";"127.0.0.1";"/test/panel.php?tab=style";"0.073590040206909"
"1309846821.4385";"127.0.0.1";"/test/panel.php?tab=style";"0.070188999176025"
"1309846869.5417";"127.0.0.1";"/test/panel.php?tab=style";"0.073304176330566"
"1309846869.6148";"127.0.0.1";"/test/panel.php?tab=style";"0.084004878997803"
"1309846876.7433";"127.0.0.1";"/test/panel.php?tab=style";"0.078535079956055"
"1309846894.8949";"127.0.0.1";"/test/panel.php?tab=style";"0.055383920669556"
"1309846894.9727";"127.0.0.1";"/test/panel.php?tab=style";"0.06715202331543"
"1309846927.5304";"127.0.0.1";"/test/panel.php?tab=style";"0.074923992156982"
"1309846927.5914";"127.0.0.1";"/test/panel.php?tab=style";"0.090107202529907"
"1309846940.4429";"127.0.0.1";"/test/panel.php?tab=style";"0.071762084960938"
"1309846958.0239";"127.0.0.1";"/test/panel.php?tab=style";"0.083448886871338"
"1309846958.0797";"127.0.0.1";"/test/panel.php?tab=style";"0.082942008972168"
"1309846989.9565";"127.0.0.1";"/test/panel.php?tab=style";"0.073194980621338"
"1309846990.006";"127.0.0.1";"/test/panel.php?tab=style";"0.070276975631714"
"1309847016.1107";"127.0.0.1";"/test/panel.php?tab=style";"0.11126613616943"
"1309847016.1784";"127.0.0.1";"/test/panel.php?tab=style";"0.097844123840332"
"1309847023.6171";"127.0.0.1";"/test/panel.php?tab=style";"0.072906017303467"
"1309847429.7447";"127.0.0.1";"/test/panel.php?tab=style";"0.053622007369995"
"1309847459.8066";"127.0.0.1";"/test/panel.php?tab=style";"0.055053949356079"
"1309847469.5095";"127.0.0.1";"/test/panel.php?tab=style";"0.047866821289062"
"1309847558.9656";"127.0.0.1";"/test/panel.php?tab=style";"0.065768003463745"
"1309847559.0285";"127.0.0.1";"/test/panel.php?tab=style";"0.07903790473938"
"1309847581.8539";"127.0.0.1";"/test/panel.php?tab=style";"0.060200929641724"
"1309847583.0605";"127.0.0.1";"/test/panel.php?tab=style";"0.048946857452393"
"1309856230.7884";"127.0.0.1";"/test/home.html";"1.8111629486084"
"1309856230.9043";"127.0.0.1";"/test/panel.php?tab=style";"1.9267020225525"
"1309859318.2457";"127.0.0.1";"/test/style.php";"0.10346794128418"
"1309859318.3036";"127.0.0.1";"/test/style.php";"0.11668705940247"
"1309859368.6134";"127.0.0.1";"/test/style.php";"0.073810815811157"
"1309859368.6749";"127.0.0.1";"/test/style.php";"0.095330953598022"
"1309859422.7534";"127.0.0.1";"/test/style.php";"0.062962055206299"
"1309859422.8117";"127.0.0.1";"/test/style.php";"0.079953193664551"
"1309859440.9314";"127.0.0.1";"/test/style.php";"0.10801601409912"
"1309859440.9908";"127.0.0.1";"/test/style.php";"0.12386512756348"
"1309859526.6145";"127.0.0.1";"/test/style.php";"0.10996890068054"
"1309859526.6756";"127.0.0.1";"/test/style.php";"0.12261700630188"
"1309859571.7652";"127.0.0.1";"/test/style.php";"0.069701194763184"
"1309859571.8236";"127.0.0.1";"/test/style.php";"0.091434001922607"
"1309859572.7221";"127.0.0.1";"/test/style.php";"0.054816961288452"
"1309859589.1526";"127.0.0.1";"/test/style.php";"0.089064121246338"
"1309859589.2124";"127.0.0.1";"/test/style.php";"0.10429000854492"
"1309859589.962";"127.0.0.1";"/test/style.php";"0.059043169021606"
"1309859590.5159";"127.0.0.1";"/test/style.php";"0.057294845581055"
"1309859641.9797";"127.0.0.1";"/test/panel.php";"0.099668979644775"
"1309859644.3818";"127.0.0.1";"/test/panel.php?tab=general&mode=memcached";"0.061284065246582"
"1309859648.1344";"127.0.0.1";"/test/panel.php?tab=general&mode=memcached";"0.031828880310059"
"1309859651.6324";"127.0.0.1";"/test/style.php";"0.054099082946777"
"1309859652.4872";"127.0.0.1";"/test/style.php";"0.056771039962769"
"1309859653.583";"127.0.0.1";"/test/style.php";"0.050791025161743"
"1309859682.4267";"127.0.0.1";"/test/style.php";"0.062900066375732"
"1309859682.4778";"127.0.0.1";"/test/style.php";"0.076349020004272"
"1309859777.8192";"127.0.0.1";"/test/style.php";"0.10873007774353"
"1309859777.8617";"127.0.0.1";"/test/style.php";"0.10283899307251"
"1309859797.7336";"127.0.0.1";"/test/panel.php?tab=general&mode=memcached";"0.066244125366211"
"1309859797.794";"127.0.0.1";"/test/panel.php?tab=general&mode=memcached";"0.079771041870117"
"1309859802.3868";"127.0.0.1";"/test/panel.php?tab=style";"0.051036834716797"
"1309859808.3798";"127.0.0.1";"/test/panel.php?tab=style";"0.051912069320679"
"1309859811.1079";"127.0.0.1";"/test/panel.php?tab=style";"0.16722893714905"
"1309859814.7023";"127.0.0.1";"/test/panel.php?tab=style";"0.053733825683594"
"1309859825.4985";"127.0.0.1";"/test/panel.php?tab=style";"0.072399854660034"
"1309859864.2914";"127.0.0.1";"/test/panel.php?tab=style";"0.058079957962036"
"1309859865.7376";"127.0.0.1";"/test/panel.php?tab=style";"0.1374180316925"
"1309859866.8327";"127.0.0.1";"/test/panel.php?tab=style";"0.048625946044922"
"1309859887.0177";"127.0.0.1";"/test/panel.php?tab=style";"0.073955059051514"
"1309859887.106";"127.0.0.1";"/test/panel.php?tab=style";"0.10445284843445"
"1309859888.8471";"127.0.0.1";"/test/panel.php?tab=style";"0.13081288337708"
"1309859890.0598";"127.0.0.1";"/test/panel.php?tab=style";"0.046747922897339"
"1309859936.5968";"127.0.0.1";"/test/panel.php?tab=style";"0.08111310005188"
"1309859936.663";"127.0.0.1";"/test/panel.php?tab=style";"0.094605922698975"
"1309859937.9159";"127.0.0.1";"/test/panel.php?tab=style";"0.13000082969666"
"1309859959.0555";"127.0.0.1";"/test/panel.php?tab=style";"0.082571983337402"
"1309859959.1229";"127.0.0.1";"/test/panel.php?tab=style";"0.10241103172302"
"1309859981.1486";"127.0.0.1";"/test/panel.php?tab=style";"0.049596071243286"
"1309860185.2448";"127.0.0.1";"/test/panel.php?tab=style";"0.055516004562378"
"1309860197.0292";"127.0.0.1";"/test/panel.php?tab=style";"0.056755065917969"
"1309860204.6124";"127.0.0.1";"/test/panel.php?tab=style";"0.14930486679077"
"1309860288.2701";"127.0.0.1";"/test/panel.php?tab=style";"0.059138059616089"
"1309860827.6247";"127.0.0.1";"/test/panel.php?tab=style";"0.068517923355103"
"1309860839.4693";"127.0.0.1";"/test/panel.php?tab=style";"0.061312913894653"
"1309860852.727";"127.0.0.1";"/test/panel.php?tab=style";"0.058515071868896"
"1309860880.4637";"127.0.0.1";"/test/panel.php?tab=style";"0.062875986099243"
"1309860917.7594";"127.0.0.1";"/test/panel.php?tab=style";"0.060096025466919"
"1309861010.3365";"127.0.0.1";"/test/panel.php?tab=style";"0.07325291633606"
"1309861010.4011";"127.0.0.1";"/test/panel.php?tab=style";"0.078503131866455"
"1309861011.5875";"127.0.0.1";"/test/panel.php";"0.072711944580078"
"1309861023.318";"127.0.0.1";"/test/home.html";"0.16312599182129"
"1309861023.4763";"127.0.0.1";"/test/index.php?section=home";"0.052184104919434"
"1309861141.2711";"127.0.0.1";"/test/home.html";"0.082291841506958"
"1309861141.3416";"127.0.0.1";"/test/home.html";"0.10618996620178"
"1309861141.5114";"127.0.0.1";"/test/index.php?section=home";"0.056640148162842"
"1309861155.8719";"127.0.0.1";"/test/panel.php";"0.11292290687561"
"1309861159.0434";"127.0.0.1";"/test/panel.php";"0.049601078033447"
"1309861162.1042";"127.0.0.1";"/test/home.html";"0.16166019439697"
"1309861162.2441";"127.0.0.1";"/test/index.php?section=home";"0.037232875823975"
"1309861217.2009";"127.0.0.1";"/test/home.html";"0.081338882446289"
"1309861217.2669";"127.0.0.1";"/test/home.html";"0.10352301597595"
"1309861217.4587";"127.0.0.1";"/test/index.php?section=home";"0.044409990310669"
"1309861221.1623";"127.0.0.1";"/test/panel.php";"0.12144708633423"
"1309861222.6963";"127.0.0.1";"/test/home.html";"0.16783905029297"
"1309861222.8029";"127.0.0.1";"/test/style.php";"0.071051836013794"
"1309861261.4782";"127.0.0.1";"/test/panel.php?tab=style";"0.062680006027222"
"1309861294.1384";"127.0.0.1";"/test/style.css";"0.047029972076416"
"1309861374.5078";"127.0.0.1";"/test/home.html";"0.083812952041626"
"1309861374.5821";"127.0.0.1";"/test/home.html";"0.10768699645996"
"1309861374.7375";"127.0.0.1";"/test/style.php";"0.10323095321655"
"1309861411.6787";"127.0.0.1";"/test/home.html";"0.085431098937988"
"1309861411.7323";"127.0.0.1";"/test/home.html";"0.092567920684814"
"1309861411.8993";"127.0.0.1";"/test/style.php";"0.10335302352905"
"1309861425.5269";"127.0.0.1";"/test/style.css";"0.049356937408447"
"1309861474.1001";"127.0.0.1";"/test/home.html";"0.07874321937561"
"1309861474.1696";"127.0.0.1";"/test/home.html";"0.093966960906982"
"1309861474.3352";"127.0.0.1";"/test/style.php";"0.10720181465149"
"1309861534.5328";"127.0.0.1";"/test/home.html";"0.090214967727661"
"1309861534.6111";"127.0.0.1";"/test/home.html";"0.11173796653748"
"1309861534.9683";"127.0.0.1";"/test/style.php";"0.31363701820374"
"1309861548.4758";"127.0.0.1";"/test/home.html";"0.076794862747192"
"1309861548.6152";"127.0.0.1";"/test/style.php";"0.10367512702942"
"1309861616.6586";"127.0.0.1";"/test/panel.php?tab=style";"0.12168598175049"
"1309861619.4534";"127.0.0.1";"/test/home.html";"0.16418194770813"
"1309861619.5751";"127.0.0.1";"/test/style.php";"0.085433959960938"
"1309861632.4161";"127.0.0.1";"/test/blog.php";"0.11731910705566"
"1309861632.5474";"127.0.0.1";"/test/style.php";"0.059927940368652"
"1309861655.8758";"127.0.0.1";"/test/panel.php?tab=style";"0.072593927383423"
"1309861655.955";"127.0.0.1";"/test/panel.php?tab=style";"0.084502935409546"
"1309861730.5506";"127.0.0.1";"/test/panel.php?tab=style&mode=template";"0.091414928436279"
"1309861731.6859";"127.0.0.1";"/test/panel.php?tab=style&mode=edit_style";"0.053783893585205"
"1309861743.3297";"127.0.0.1";"/test/panel.php?tab=backup";"0.049978017807007"
"1309861744.665";"127.0.0.1";"/test/panel.php?tab=style";"0.051895141601562"
"1309861746.5912";"127.0.0.1";"/test/panel.php?tab=backup";"0.055745840072632"
"1309861747.5369";"127.0.0.1";"/test/panel.php?tab=style";"0.05293607711792"
"1309862297.5968";"127.0.0.1";"/test/panel.php";"0.069562196731567"
"1309862305.4605";"127.0.0.1";"/test/panel.php";"0.043329000473022"
"1309862309.788";"127.0.0.1";"/test/blog.php";"0.05769419670105"
"1309862309.8885";"127.0.0.1";"/test/style.css";"0.053864002227783"
"1309862311.6846";"127.0.0.1";"/test/home.html";"0.05800199508667"
"1309862311.8517";"127.0.0.1";"/test/style.php";"0.065546989440918"
"1309862331.2432";"127.0.0.1";"/test/home.html";"0.074795007705688"
"1309862331.3178";"127.0.0.1";"/test/home.html";"0.09057092666626"
"1309862331.4394";"127.0.0.1";"/test/style.php";"0.066027164459229"
"1309862344.9302";"127.0.0.1";"/test/panel.php";"0.13752508163452"
"1309862356.1752";"127.0.0.1";"/test/panel.php";"0.060587167739868"
"1309862358.1641";"127.0.0.1";"/test/home.html";"0.15944004058838"
"1309862358.278";"127.0.0.1";"/test/style.css";"0.078400135040283"
"1309862497.5861";"127.0.0.1";"/test/panel/backup";"0.042263984680176"
"1309862563.6564";"127.0.0.1";"/test/panel/backup";"0.074215888977051"
"1309862563.7149";"127.0.0.1";"/test/panel/backup";"0.087244987487793"
"1309862675.6289";"127.0.0.1";"/test/panel/backup";"0.12137913703918"
"1309862676.8808";"127.0.0.1";"/test/panel/style";"0.057713985443115"
"1309862678.7395";"127.0.0.1";"/test/panel/videos";"0.10455203056335"
"1309862679.5159";"127.0.0.1";"/test/panel/gallery";"0.10479784011841"
"1309862680.2517";"127.0.0.1";"/test/panel/sections";"0.074400901794434"
"1309862680.7847";"127.0.0.1";"/test/panel/user_pass";"0.06639289855957"
"1309862681.537";"127.0.0.1";"/test/panel/general";"0.062490940093994"
"1309862682.395";"127.0.0.1";"/test/panel/user_pass";"0.053874969482422"
"1309862685.036";"127.0.0.1";"/test/panel/general";"0.044868946075439"
"1309862716.0663";"127.0.0.1";"/test/panel/general";"0.058050155639648"
"1309862716.3078";"127.0.0.1";"/test/home.html";"0.29741406440735"
"1309862716.5952";"127.0.0.1";"/test/style.css";"0.11137199401855"
"1309862720.1538";"127.0.0.1";"/test/panel/user_pass";"0.046921014785767"
"1309862721.3496";"127.0.0.1";"/test/panel/sections";"0.050426959991455"
"1309862722.2809";"127.0.0.1";"/test/panel/gallery";"0.049972057342529"
"1309862723.6964";"127.0.0.1";"/test/panel/videos";"0.050181150436401"
"1309862726.4888";"127.0.0.1";"/test/panel/style";"0.056426048278809"
"1309862730.0626";"127.0.0.1";"/test/panel/backup";"0.043792963027954"
"1309928610.7143";"127.0.0.1";"/test/home.html";"0.91591095924377"
"1309928611.519";"127.0.0.1";"/test/style.css";"0.097171068191528"
"1309928611.7583";"127.0.0.1";"/test/home.html";"0.066740989685059"
"1309928611.8507";"127.0.0.1";"/test/style.css";"0.041880130767822"
"1310191581.4643";"127.0.0.1";"/test/home.html";"0.16601705551147"
"1310191581.6521";"127.0.0.1";"/test/style.css";"0.10955905914307"
"1310191684.6545";"127.0.0.1";"/test/home.html";"0.11987805366516"
"1310191684.7189";"127.0.0.1";"/test/home.html";"0.10017609596252"
"1310191684.8074";"127.0.0.1";"/test/style.css";"0.055706977844238"
"1310191719.0244";"127.0.0.1";"/test/home.html";"0.20166206359863"
"1310191719.0705";"127.0.0.1";"/test/home.html";"0.19882822036743"
"1310191719.1653";"127.0.0.1";"/test/style.css";"0.068135023117065"
"1310191804.7194";"127.0.0.1";"/test/home.html";"0.065191984176636"
"1310191804.7697";"127.0.0.1";"/test/home.html";"0.06337308883667"
"1310191804.8575";"127.0.0.1";"/test/style.css";"0.05556583404541"
"1310191902.766";"127.0.0.1";"/test/home.html";"0.063421010971069"
"1310191902.8114";"127.0.0.1";"/test/home.html";"0.063017129898071"
"1310191902.8986";"127.0.0.1";"/test/style.css";"0.058022022247314"
"1310191910.1143";"127.0.0.1";"/test/blog/";"0.10323810577393"
"1310191910.225";"127.0.0.1";"/test/style.css";"0.056096076965332"
"1310191976.7397";"127.0.0.1";"/test/blog/";"0.068320035934448"
"1310191976.7891";"127.0.0.1";"/test/blog/";"0.068526029586792"
"1310191976.877";"127.0.0.1";"/test/style.css";"0.054418802261353"
"1310191979.3802";"127.0.0.1";"/test/blog/";"0.049073934555054"
"1310191979.4713";"127.0.0.1";"/test/style.css";"0.059601783752441"
"1310191995.9533";"127.0.0.1";"/test/blog/";"0.065293073654175"
"1310191996.0004";"127.0.0.1";"/test/blog/";"0.077430009841919"
"1310191996.084";"127.0.0.1";"/test/style.css";"0.049142122268677"
"1310192065.7217";"127.0.0.1";"/test/blog/";"0.061548948287964"
"1310192065.7612";"127.0.0.1";"/test/blog/";"0.067822933197021"
"1310192065.8461";"127.0.0.1";"/test/style.css";"0.050930023193359"
"1310192068.0084";"127.0.0.1";"/test/home.html";"0.045063972473145"
"1310192068.1243";"127.0.0.1";"/test/style.css";"0.058247089385986"
"1310192110.6051";"127.0.0.1";"/test/home.html";"0.06355094909668"
"1310192110.6491";"127.0.0.1";"/test/home.html";"0.062273025512695"
"1310192110.7298";"127.0.0.1";"/test/style.css";"0.052881956100464"
"1310192118.0924";"127.0.0.1";"/test/home.html";"0.080045938491821"
"1310192118.1957";"127.0.0.1";"/test/style.css";"0.047911167144775"
"1310192655.5626";"127.0.0.1";"/test/home.html";"0.067273139953613"
"1310192655.6082";"127.0.0.1";"/test/home.html";"0.064426183700562"
"1310192655.6872";"127.0.0.1";"/test/style.css";"0.049586057662964"
"1310192658.1746";"127.0.0.1";"/test/home.html";"0.048063993453979"
"1310192658.2503";"127.0.0.1";"/test/style.css";"0.052182912826538"
"1310192661.8378";"127.0.0.1";"/test/home.html";"0.041810035705566"
"1310192661.9098";"127.0.0.1";"/test/style.css";"0.047356843948364"
"1310192666.6902";"127.0.0.1";"/test/blog/";"0.039170980453491"
"1310192666.7829";"127.0.0.1";"/test/style.css";"0.041620016098022"
"1310192668.0723";"127.0.0.1";"/test/home.html";"0.038108110427856"
"1310192668.1603";"127.0.0.1";"/test/style.css";"0.040144920349121"
"1310192678.6838";"127.0.0.1";"/test/anyone-else-than-some.html";"0.038564920425415"
"1310192678.779";"127.0.0.1";"/test/style.css";"0.042324066162109"
"1310192681.7036";"127.0.0.1";"/test/home.html";"0.038141965866089"
"1310192681.7932";"127.0.0.1";"/test/style.css";"0.040512084960938"
